logger_id,hw_version,sw_version,measurement_number,timestamp,rc_temperature,mag_x,mag_y,mag_z
11.15.29.81,25,57,1,2024-04-02T09:45:44.795Z,0.68,0.24,0.22,0.50
183.215.195.124,48,14,2,2024-04-01T09:45:44.795Z,0.45,0.14,0.11,0.48
232.194.60.154,35,1,3,2024-03-31T09:45:44.795Z,0.05,0.99,0.97,0.08
74.156.128.157,58,24,4,2024-03-30T09:45:44.795Z,0.50,0.11,0.48,0.88
24.16.66.64,34,16,5,2024-03-29T09:45:44.795Z,0.11,0.89,0.47,0.39
24.16.66.64,81,90,6,2024-03-28T09:45:44.795Z,0.72,0.02,0.62,0.84
38.62.124.65,32,99,7,2024-03-27T09:45:44.795Z,0.80,0.46,0.61,0.73
69.53.100.11,63,57,8,2024-03-26T09:45:44.795Z,0.71,0.81,0.37,0.71
184.0.155.18,45,13,9,2024-03-25T09:45:44.795Z,0.38,0.01,0.09,0.25
249.113.7.153,89,84,10,2024-03-24T09:45:44.795Z,0.34,0.98,0.96,0.14
7.156.108.186,26,0,11,2024-03-23T09:45:44.795Z,0.92,0.52,0.62,0.42
225.153.15.120,97,58,12,2024-03-22T09:45:44.795Z,0.35,0.03,0.97,0.64
223.206.84.5,66,67,13,2024-03-21T09:45:44.795Z,0.94,0.25,0.43,0.84
128.168.216.93,50,88,14,2024-03-20T09:45:44.795Z,0.44,0.62,0.46,0.62
129.247.21.135,34,43,15,2024-03-19T09:45:44.795Z,0.01,0.59,0.41,0.91
19.188.91.108,11,18,16,2024-03-18T09:45:44.795Z,0.97,0.42,0.03,0.69
142.91.83.61,92,88,17,2024-03-17T09:45:44.795Z,0.04,0.27,0.44,0.37
92.174.228.133,75,90,18,2024-03-16T09:45:44.795Z,0.28,0.04,0.16,0.26
92.174.228.133,86,35,19,2024-03-15T09:45:44.795Z,0.45,0.61,0.92,0.39
38.62.124.65,81,52,20,2024-03-14T09:45:44.795Z,0.38,0.45,0.71,0.34
152.105.153.190,80,20,21,2024-03-13T09:45:44.795Z,0.10,0.85,0.05,0.09
6.227.55.193,64,12,22,2024-03-12T09:45:44.795Z,0.74,0.36,0.03,0.53
32.94.39.151,42,67,23,2024-03-11T09:45:44.795Z,0.71,0.15,0.87,0.83
13.248.94.78,51,12,24,2024-03-10T09:45:44.795Z,0.82,0.97,0.63,0.60
19.188.91.108,99,61,25,2024-03-09T09:45:44.795Z,0.63,0.82,0.37,0.59
2.197.232.44,24,94,26,2024-03-08T09:45:44.795Z,0.78,0.32,0.46,0.81
147.141.86.246,86,3,27,2024-03-07T09:45:44.795Z,0.40,0.17,0.00,0.58
152.105.153.190,23,99,28,2024-03-06T09:45:44.795Z,0.66,0.08,0.83,0.41
123.146.234.160,40,51,29,2024-03-05T09:45:44.795Z,0.58,0.75,0.01,0.52
234.228.32.255,37,41,30,2024-03-04T09:45:44.795Z,0.50,0.68,0.48,0.32
128.69.51.116,25,60,31,2024-03-03T09:45:44.795Z,0.04,0.16,0.34,0.80
20.60.218.69,1,36,32,2024-03-02T09:45:44.795Z,0.18,0.22,0.51,0.18
131.49.134.99,28,82,33,2024-03-01T09:45:44.795Z,0.65,0.46,0.81,0.55
164.218.147.198,25,41,34,2024-02-29T09:45:44.795Z,0.87,0.57,0.89,0.02
251.56.78.195,26,76,35,2024-02-28T09:45:44.795Z,0.17,0.14,0.35,0.29
173.152.24.118,10,90,36,2024-02-27T09:45:44.795Z,0.52,0.83,0.41,0.35
6.227.55.193,99,86,37,2024-02-26T09:45:44.795Z,0.84,0.10,0.32,0.96
98.210.78.214,1,53,38,2024-02-25T09:45:44.795Z,0.79,0.82,0.06,0.22
19.188.91.108,31,30,39,2024-02-24T09:45:44.795Z,0.22,0.34,0.07,0.90
15.192.123.244,26,38,40,2024-02-23T09:45:44.795Z,0.09,0.16,0.23,0.87
32.94.39.151,92,12,41,2024-02-22T09:45:44.795Z,0.09,0.84,0.61,0.40
238.22.198.167,53,40,42,2024-02-21T09:45:44.795Z,0.95,0.68,0.06,0.43
147.141.86.246,72,17,43,2024-02-20T09:45:44.795Z,0.31,0.11,0.94,0.90
15.192.123.244,37,97,44,2024-02-19T09:45:44.795Z,0.13,0.91,0.52,0.66
62.221.0.43,45,62,45,2024-02-18T09:45:44.795Z,0.22,0.29,0.79,0.56
183.215.195.124,95,46,46,2024-02-17T09:45:44.795Z,0.86,0.02,0.71,0.18
74.156.128.157,53,3,47,2024-02-16T09:45:44.795Z,0.78,0.89,0.01,0.09
195.245.185.229,26,33,48,2024-02-15T09:45:44.795Z,0.34,0.21,0.29,0.71
14.207.162.79,30,92,49,2024-02-14T09:45:44.795Z,0.23,0.59,0.09,0.72
179.75.85.18,35,1,50,2024-02-13T09:45:44.795Z,0.83,0.69,0.64,0.59
128.168.216.93,97,73,51,2024-02-12T09:45:44.795Z,0.85,0.87,0.97,0.22
249.113.7.153,29,67,52,2024-02-11T09:45:44.795Z,0.19,0.38,0.92,0.75
6.140.27.40,15,76,53,2024-02-10T09:45:44.795Z,0.83,0.01,0.54,0.33
131.49.134.99,84,90,54,2024-02-09T09:45:44.795Z,0.87,0.18,0.01,0.83
46.143.177.229,54,71,55,2024-02-08T09:45:44.795Z,0.93,0.86,0.52,0.91
142.91.83.61,57,89,56,2024-02-07T09:45:44.795Z,0.56,0.60,0.38,0.62
3.49.223.141,18,98,57,2024-02-06T09:45:44.795Z,0.40,0.91,0.08,0.18
69.53.100.11,10,37,58,2024-02-05T09:45:44.795Z,0.97,0.76,0.71,0.63
152.105.153.190,43,81,59,2024-02-04T09:45:44.795Z,0.77,0.95,0.94,0.56
227.70.186.165,22,27,60,2024-02-03T09:45:44.795Z,0.93,0.50,0.13,0.19
146.143.200.41,6,26,61,2024-02-02T09:45:44.795Z,0.09,0.26,0.66,0.77
201.2.155.78,32,26,62,2024-02-01T09:45:44.795Z,0.10,0.99,0.79,0.23
74.156.128.157,81,57,63,2024-01-31T09:45:44.795Z,0.23,0.58,0.51,0.21
63.41.211.179,55,43,64,2024-01-30T09:45:44.795Z,0.16,0.78,0.11,0.87
2.197.232.44,77,69,65,2024-01-29T09:45:44.795Z,0.69,0.24,0.81,0.12
63.41.211.179,18,52,66,2024-01-28T09:45:44.795Z,0.73,0.58,0.90,0.01
6.227.55.193,84,76,67,2024-01-27T09:45:44.795Z,0.89,0.55,0.06,0.14
20.60.218.69,24,51,68,2024-01-26T09:45:44.795Z,0.38,0.14,0.07,0.94
108.29.11.54,80,77,69,2024-01-25T09:45:44.795Z,0.97,0.53,0.73,0.23
211.28.18.54,51,13,70,2024-01-24T09:45:44.795Z,0.20,0.90,0.94,0.93
6.227.55.193,99,42,71,2024-01-23T09:45:44.795Z,0.42,0.03,0.28,0.90
167.8.102.41,35,62,72,2024-01-22T09:45:44.795Z,0.31,0.57,0.97,0.40
38.62.124.65,7,97,73,2024-01-21T09:45:44.795Z,0.66,0.27,0.34,0.57
184.0.155.18,21,85,74,2024-01-20T09:45:44.795Z,0.32,0.69,0.40,0.40
20.188.119.58,49,56,75,2024-01-19T09:45:44.795Z,0.81,0.15,0.80,0.08
45.190.85.150,8,56,76,2024-01-18T09:45:44.795Z,0.33,0.61,0.92,0.79
195.245.185.229,93,52,77,2024-01-17T09:45:44.795Z,0.30,0.43,0.90,0.98
183.215.195.124,81,76,78,2024-01-16T09:45:44.795Z,0.17,0.41,0.36,0.43
89.227.13.82,44,61,79,2024-01-15T09:45:44.795Z,0.49,0.26,0.23,0.41
98.210.78.214,16,59,80,2024-01-14T09:45:44.795Z,0.24,0.17,0.09,0.10
109.66.22.49,60,46,81,2024-01-13T09:45:44.795Z,0.43,0.10,0.56,0.32
223.206.84.5,14,77,82,2024-01-12T09:45:44.795Z,0.87,0.02,0.47,0.38
143.62.57.8,70,76,83,2024-01-11T09:45:44.795Z,0.81,0.83,0.97,0.19
249.113.7.153,39,3,84,2024-01-10T09:45:44.795Z,0.93,0.97,0.22,0.81
15.192.123.244,91,59,85,2024-01-09T09:45:44.795Z,0.31,0.25,0.81,0.79
79.222.124.27,22,93,86,2024-01-08T09:45:44.795Z,0.04,0.95,0.50,1.00
45.190.85.150,96,74,87,2024-01-07T09:45:44.795Z,0.62,0.32,0.83,0.84
19.188.91.108,40,12,88,2024-01-06T09:45:44.795Z,0.08,0.55,0.14,0.70
147.141.86.246,85,68,89,2024-01-05T09:45:44.795Z,0.30,0.71,0.60,0.18
179.75.85.18,39,29,90,2024-01-04T09:45:44.795Z,0.81,0.27,0.38,0.35
238.234.36.127,55,96,91,2024-01-03T09:45:44.795Z,0.71,0.05,0.87,0.87
53.232.76.62,77,56,92,2024-01-02T09:45:44.795Z,0.96,0.48,0.33,0.79
64.93.160.244,56,66,93,2024-01-01T09:45:44.795Z,0.64,0.47,0.48,0.52
2.197.232.44,63,74,94,2023-12-31T09:45:44.795Z,0.21,0.04,0.52,0.12
14.207.162.79,31,91,95,2023-12-30T09:45:44.795Z,0.34,0.09,0.92,0.54
37.106.25.145,0,79,96,2023-12-29T09:45:44.795Z,0.08,0.93,0.43,0.71
128.69.51.116,85,29,97,2023-12-28T09:45:44.795Z,0.25,0.97,0.43,0.45
229.146.54.0,36,68,98,2023-12-27T09:45:44.795Z,0.82,0.52,0.90,0.53
20.60.218.69,46,63,99,2023-12-26T09:45:44.795Z,0.50,0.52,0.98,0.51
24.16.66.64,42,79,100,2023-12-25T09:45:44.795Z,0.22,0.19,0.26,0.67
152.105.153.190,47,1,101,2023-12-24T09:45:44.795Z,0.08,0.58,0.57,0.35
37.106.25.145,16,53,102,2023-12-23T09:45:44.795Z,0.96,0.98,0.48,0.96
138.124.233.7,16,61,103,2023-12-22T09:45:44.795Z,0.68,0.79,0.57,0.81
7.156.108.186,79,51,104,2023-12-21T09:45:44.795Z,0.89,0.40,0.77,0.36
141.149.26.183,67,92,105,2023-12-20T09:45:44.795Z,0.97,0.53,0.07,0.05
24.16.66.64,26,35,106,2023-12-19T09:45:44.795Z,0.16,0.00,0.19,0.60
164.218.147.198,92,44,107,2023-12-18T09:45:44.795Z,0.00,0.28,0.93,0.38
6.227.55.193,98,48,108,2023-12-17T09:45:44.795Z,0.74,0.78,0.12,0.86
152.105.153.190,29,84,109,2023-12-16T09:45:44.795Z,0.43,0.36,0.33,0.15
121.20.106.23,29,33,110,2023-12-15T09:45:44.795Z,0.86,0.41,0.74,0.04
20.60.218.69,91,53,111,2023-12-14T09:45:44.795Z,0.46,0.35,0.23,0.55
142.91.83.61,72,15,112,2023-12-13T09:45:44.795Z,0.02,0.86,0.15,0.91
146.143.200.41,47,82,113,2023-12-12T09:45:44.795Z,0.51,0.47,0.16,0.79
19.188.91.108,39,14,114,2023-12-11T09:45:44.795Z,0.34,0.91,0.69,0.25
142.91.83.61,13,33,115,2023-12-10T09:45:44.795Z,0.51,0.45,0.42,0.37
38.62.124.65,22,92,116,2023-12-09T09:45:44.795Z,0.27,0.41,0.19,0.82
13.248.94.78,1,59,117,2023-12-08T09:45:44.795Z,0.84,0.42,0.17,0.48
32.94.39.151,19,57,118,2023-12-07T09:45:44.795Z,0.07,0.14,0.60,0.97
24.16.66.64,46,39,119,2023-12-06T09:45:44.795Z,0.74,0.30,0.48,0.68
38.78.188.207,50,94,120,2023-12-05T09:45:44.795Z,0.67,0.18,0.87,0.33
19.188.91.108,41,28,121,2023-12-04T09:45:44.795Z,0.42,0.68,0.25,0.93
46.192.108.207,97,86,122,2023-12-03T09:45:44.795Z,0.25,0.34,0.46,0.15
15.228.28.214,15,27,123,2023-12-02T09:45:44.795Z,0.14,0.41,0.72,0.52
79.222.124.27,27,88,124,2023-12-01T09:45:44.795Z,0.19,0.06,0.95,0.36
174.162.140.39,86,8,125,2023-11-30T09:45:44.795Z,0.79,0.61,0.37,0.45
142.91.83.61,93,38,126,2023-11-29T09:45:44.795Z,0.99,0.32,0.41,0.83
149.148.199.138,81,79,127,2023-11-28T09:45:44.795Z,0.77,0.09,0.08,0.56
174.162.140.39,85,20,128,2023-11-27T09:45:44.795Z,0.23,0.54,0.20,0.38
46.192.108.207,23,76,129,2023-11-26T09:45:44.795Z,0.23,0.11,0.47,0.43
63.41.211.179,44,65,130,2023-11-25T09:45:44.795Z,0.90,0.70,0.33,0.76
53.67.115.251,79,9,131,2023-11-24T09:45:44.795Z,0.79,0.35,0.97,0.78
227.57.102.88,5,60,132,2023-11-23T09:45:44.795Z,0.10,0.94,0.67,0.84
227.57.102.88,42,36,133,2023-11-22T09:45:44.795Z,0.43,0.04,0.26,0.50
141.149.26.183,25,28,134,2023-11-21T09:45:44.795Z,0.52,0.07,0.67,0.87
143.62.57.8,5,97,135,2023-11-20T09:45:44.795Z,0.54,0.64,0.84,0.66
184.0.155.18,74,29,136,2023-11-19T09:45:44.795Z,0.88,0.01,0.75,0.01
42.153.83.69,21,56,137,2023-11-18T09:45:44.795Z,0.36,0.74,0.11,0.31
46.143.177.229,60,67,138,2023-11-17T09:45:44.795Z,0.43,0.07,0.18,0.77
15.192.123.244,83,57,139,2023-11-16T09:45:44.795Z,0.03,0.29,0.62,0.88
185.165.74.188,7,78,140,2023-11-15T09:45:44.795Z,0.72,0.58,0.71,0.92
223.206.84.5,28,92,141,2023-11-14T09:45:44.795Z,0.22,0.66,0.40,0.63
234.100.119.235,69,32,142,2023-11-13T09:45:44.795Z,0.57,0.06,0.72,0.59
211.28.18.54,68,53,143,2023-11-12T09:45:44.795Z,0.54,0.72,0.74,0.19
123.146.234.160,73,10,144,2023-11-11T09:45:44.795Z,0.85,0.66,0.44,0.35
74.156.128.157,47,23,145,2023-11-10T09:45:44.795Z,0.02,0.77,0.26,0.98
173.152.24.118,68,98,146,2023-11-09T09:45:44.795Z,0.20,0.36,0.46,0.04
20.188.119.58,80,17,147,2023-11-08T09:45:44.795Z,0.55,0.42,0.84,0.31
141.149.26.183,88,22,148,2023-11-07T09:45:44.795Z,0.27,0.99,0.76,0.82
121.20.106.23,35,31,149,2023-11-06T09:45:44.795Z,0.94,0.69,0.35,0.28
225.153.15.120,22,39,150,2023-11-05T09:45:44.795Z,0.35,0.94,0.61,0.36
91.210.129.73,38,50,151,2023-11-04T09:45:44.795Z,0.41,0.79,0.53,0.26
69.53.100.11,38,30,152,2023-11-03T09:45:44.795Z,1.00,0.70,0.44,0.86
10.251.133.48,47,19,153,2023-11-02T09:45:44.795Z,0.60,0.27,0.87,0.56
46.192.108.207,60,62,154,2023-11-01T09:45:44.795Z,0.46,0.05,0.29,0.36
14.207.162.79,38,31,155,2023-10-31T09:45:44.795Z,0.25,0.91,0.17,0.39
19.188.91.108,27,45,156,2023-10-30T09:45:44.795Z,0.65,0.43,0.52,0.46
98.210.78.214,17,86,157,2023-10-29T09:45:44.795Z,0.46,0.75,0.61,0.65
7.156.108.186,61,98,158,2023-10-28T09:45:44.795Z,0.21,0.00,0.20,0.38
138.124.233.7,47,90,159,2023-10-27T09:45:44.795Z,0.49,0.31,0.92,0.66
20.60.218.69,14,73,160,2023-10-26T09:45:44.795Z,0.77,0.02,0.65,0.96
234.228.32.255,32,59,161,2023-10-25T09:45:44.795Z,0.74,0.71,0.10,0.86
173.152.24.118,51,26,162,2023-10-24T09:45:44.795Z,0.05,0.11,0.10,0.42
6.140.27.40,3,82,163,2023-10-23T09:45:44.795Z,0.49,0.20,0.72,0.23
184.0.155.18,56,20,164,2023-10-22T09:45:44.795Z,0.76,0.34,0.32,0.23
238.22.198.167,87,24,165,2023-10-21T09:45:44.795Z,0.11,0.29,0.40,0.05
215.127.155.123,31,24,166,2023-10-20T09:45:44.795Z,0.69,0.57,0.26,0.62
232.194.60.154,88,83,167,2023-10-19T09:45:44.795Z,0.63,0.16,0.55,0.82
98.210.78.214,94,5,168,2023-10-18T09:45:44.795Z,0.82,0.92,0.54,0.59
33.58.197.125,12,25,169,2023-10-17T09:45:44.795Z,0.96,0.64,0.27,0.36
86.232.7.132,52,18,170,2023-10-16T09:45:44.795Z,0.15,0.24,0.93,0.11
249.113.7.153,21,53,171,2023-10-15T09:45:44.795Z,0.84,0.34,0.39,0.49
170.133.84.102,88,70,172,2023-10-14T09:45:44.795Z,0.52,0.21,0.85,0.86
15.228.28.214,81,13,173,2023-10-13T09:45:44.795Z,0.32,0.81,0.24,0.71
109.66.22.49,26,90,174,2023-10-12T09:45:44.795Z,0.96,0.25,0.04,0.75
10.251.133.48,22,10,175,2023-10-11T09:45:44.795Z,0.72,0.19,0.52,0.78
6.140.27.40,32,35,176,2023-10-10T09:45:44.795Z,0.90,0.66,0.86,0.76
149.148.199.138,50,67,177,2023-10-09T09:45:44.795Z,0.60,0.27,0.65,0.80
20.188.119.58,49,92,178,2023-10-08T09:45:44.795Z,0.83,0.08,0.49,0.65
98.210.78.214,20,62,179,2023-10-07T09:45:44.795Z,0.79,0.38,0.30,0.41
152.105.153.190,2,76,180,2023-10-06T09:45:44.795Z,0.32,0.49,0.58,0.77
128.168.216.93,3,52,181,2023-10-05T09:45:44.795Z,0.23,0.75,0.14,0.74
123.146.234.160,23,36,182,2023-10-04T09:45:44.795Z,0.90,0.11,0.39,0.95
251.56.78.195,45,89,183,2023-10-03T09:45:44.795Z,0.66,0.04,0.72,0.15
146.143.200.41,4,92,184,2023-10-02T09:45:44.795Z,0.06,0.60,0.97,0.51
183.215.195.124,11,91,185,2023-10-01T09:45:44.795Z,0.73,0.28,0.66,0.94
251.56.78.195,28,49,186,2023-09-30T09:45:44.795Z,0.36,0.74,0.60,0.29
249.113.7.153,44,15,187,2023-09-29T09:45:44.795Z,0.33,0.99,0.70,0.26
14.207.162.79,2,1,188,2023-09-28T09:45:44.795Z,0.34,0.38,0.18,0.39
6.140.27.40,82,13,189,2023-09-27T09:45:44.795Z,0.49,0.06,0.86,0.80
109.66.22.49,39,66,190,2023-09-26T09:45:44.795Z,0.19,0.27,0.99,0.63
69.53.100.11,28,90,191,2023-09-25T09:45:44.795Z,0.07,0.47,0.60,0.75
11.15.29.81,44,37,192,2023-09-24T09:45:44.795Z,0.15,0.99,0.64,0.96
15.192.123.244,41,93,193,2023-09-23T09:45:44.795Z,0.25,0.03,0.55,0.31
139.61.218.43,98,65,194,2023-09-22T09:45:44.795Z,0.49,1.00,0.08,0.41
64.93.160.244,98,21,195,2023-09-21T09:45:44.795Z,0.02,0.23,0.36,0.54
129.247.21.135,52,35,196,2023-09-20T09:45:44.795Z,0.65,0.13,0.48,0.82
227.1.158.125,44,94,197,2023-09-19T09:45:44.795Z,0.26,0.86,0.74,0.51
11.15.29.81,0,48,198,2023-09-18T09:45:44.795Z,0.17,0.61,0.13,0.66
232.194.60.154,24,24,199,2023-09-17T09:45:44.795Z,0.78,0.35,0.99,0.46
38.62.124.65,32,13,200,2023-09-16T09:45:44.795Z,0.31,0.55,0.51,0.25
109.66.22.49,95,62,201,2023-09-15T09:45:44.795Z,0.72,0.90,0.26,0.51
227.70.186.165,76,94,202,2023-09-14T09:45:44.795Z,0.68,0.58,0.10,0.46
142.91.83.61,92,37,203,2023-09-13T09:45:44.795Z,0.95,0.94,0.65,0.95
50.134.108.148,17,42,204,2023-09-12T09:45:44.795Z,0.33,0.19,0.49,0.41
53.67.115.251,4,63,205,2023-09-11T09:45:44.795Z,0.89,0.15,0.25,0.75
24.16.66.64,47,74,206,2023-09-10T09:45:44.795Z,0.65,0.82,0.19,0.39
7.156.108.186,34,59,207,2023-09-09T09:45:44.795Z,0.27,0.12,0.00,0.67
238.22.198.167,77,26,208,2023-09-08T09:45:44.795Z,0.05,0.06,0.24,0.72
20.188.119.58,92,27,209,2023-09-07T09:45:44.795Z,0.83,0.56,0.32,0.32
232.194.60.154,56,3,210,2023-09-06T09:45:44.795Z,0.42,0.28,0.34,0.34
89.227.13.82,36,15,211,2023-09-05T09:45:44.795Z,0.04,0.75,0.13,0.11
174.162.140.39,42,18,212,2023-09-04T09:45:44.795Z,0.55,0.88,0.08,0.20
54.16.254.46,7,19,213,2023-09-03T09:45:44.795Z,0.60,0.35,0.22,0.77
146.143.200.41,97,68,214,2023-09-02T09:45:44.795Z,0.73,0.64,0.45,0.29
86.160.54.227,17,90,215,2023-09-01T09:45:44.795Z,0.08,0.95,0.55,0.93
229.146.54.0,78,30,216,2023-08-31T09:45:44.795Z,0.54,0.74,0.15,1.00
86.160.54.227,25,81,217,2023-08-30T09:45:44.795Z,0.23,0.28,0.41,0.34
85.166.215.239,29,73,218,2023-08-29T09:45:44.795Z,0.07,0.88,0.95,0.36
143.62.57.8,83,43,219,2023-08-28T09:45:44.795Z,0.60,0.43,0.86,0.92
113.29.33.83,50,55,220,2023-08-27T09:45:44.795Z,0.66,0.30,0.54,0.42
167.94.235.99,65,60,221,2023-08-26T09:45:44.795Z,0.58,0.27,0.90,0.48
92.174.228.133,13,35,222,2023-08-25T09:45:44.795Z,0.99,0.95,0.82,0.57
91.210.129.73,75,88,223,2023-08-24T09:45:44.795Z,0.29,0.01,0.55,0.05
45.190.85.150,8,19,224,2023-08-23T09:45:44.795Z,0.67,0.28,0.40,0.49
138.124.233.7,6,32,225,2023-08-22T09:45:44.795Z,0.27,0.91,0.01,0.14
128.168.216.93,25,27,226,2023-08-21T09:45:44.795Z,0.13,0.16,0.42,0.51
127.176.55.112,8,76,227,2023-08-20T09:45:44.795Z,0.61,0.91,0.30,0.83
10.251.133.48,67,31,228,2023-08-19T09:45:44.795Z,0.58,0.91,0.22,0.23
11.15.29.81,23,89,229,2023-08-18T09:45:44.795Z,0.35,0.24,0.22,0.36
69.53.100.11,78,6,230,2023-08-17T09:45:44.795Z,0.43,0.78,0.17,0.75
32.94.39.151,47,14,231,2023-08-16T09:45:44.795Z,0.05,0.19,0.56,0.51
152.105.153.190,29,85,232,2023-08-15T09:45:44.795Z,0.25,0.10,0.52,0.91
53.232.76.62,1,13,233,2023-08-14T09:45:44.795Z,0.07,0.05,0.81,0.73
14.207.162.79,24,21,234,2023-08-13T09:45:44.795Z,0.92,0.17,0.85,0.08
253.134.241.198,42,60,235,2023-08-12T09:45:44.795Z,0.75,0.02,0.20,0.84
225.153.15.120,26,26,236,2023-08-11T09:45:44.795Z,0.94,0.86,0.38,0.77
201.2.155.78,96,3,237,2023-08-10T09:45:44.795Z,0.39,0.09,0.28,0.37
42.153.83.69,54,52,238,2023-08-09T09:45:44.795Z,0.58,0.08,0.55,0.27
86.232.7.132,42,46,239,2023-08-08T09:45:44.795Z,0.35,0.70,0.94,0.68
98.210.78.214,43,27,240,2023-08-07T09:45:44.795Z,0.08,0.59,0.74,0.60
127.176.55.112,18,96,241,2023-08-06T09:45:44.795Z,0.79,0.19,0.82,0.85
185.165.74.188,85,63,242,2023-08-05T09:45:44.795Z,0.90,0.28,0.24,0.42
92.174.228.133,14,30,243,2023-08-04T09:45:44.795Z,0.18,0.42,0.15,0.59
183.215.195.124,72,18,244,2023-08-03T09:45:44.795Z,0.96,0.34,0.65,0.41
128.168.216.93,74,5,245,2023-08-02T09:45:44.795Z,0.43,0.72,0.16,0.39
147.141.86.246,63,22,246,2023-08-01T09:45:44.795Z,0.67,0.11,0.68,0.49
167.8.102.41,74,41,247,2023-07-31T09:45:44.795Z,0.07,0.52,0.15,0.09
234.228.32.255,0,91,248,2023-07-30T09:45:44.795Z,0.07,0.11,0.84,0.96
11.15.29.81,10,92,249,2023-07-29T09:45:44.795Z,0.62,0.41,0.54,0.08
79.222.124.27,27,43,250,2023-07-28T09:45:44.795Z,0.77,0.77,0.36,0.07
167.94.235.99,41,46,251,2023-07-27T09:45:44.795Z,0.92,0.92,0.46,0.77
15.110.53.91,46,79,252,2023-07-26T09:45:44.795Z,0.02,0.89,0.99,0.33
108.29.11.54,38,9,253,2023-07-25T09:45:44.795Z,0.65,0.06,0.78,0.44
3.49.223.141,99,59,254,2023-07-24T09:45:44.795Z,0.23,0.81,0.26,0.17
129.247.21.135,22,32,255,2023-07-23T09:45:44.795Z,0.80,0.10,0.00,0.49
248.113.69.76,91,33,256,2023-07-22T09:45:44.795Z,0.91,0.92,0.34,0.06
53.67.115.251,6,79,257,2023-07-21T09:45:44.795Z,0.74,0.52,0.87,0.18
232.194.60.154,68,84,258,2023-07-20T09:45:44.795Z,0.28,0.23,0.33,0.98
14.207.162.79,3,29,259,2023-07-19T09:45:44.795Z,0.54,0.89,0.89,0.60
109.129.73.59,28,12,260,2023-07-18T09:45:44.795Z,0.98,0.48,0.22,0.60
238.234.36.127,20,65,261,2023-07-17T09:45:44.795Z,0.93,0.05,0.57,0.09
46.143.177.229,14,89,262,2023-07-16T09:45:44.795Z,0.04,0.98,0.43,0.40
173.152.24.118,53,96,263,2023-07-15T09:45:44.795Z,0.76,0.44,0.34,0.73
15.192.123.244,69,1,264,2023-07-14T09:45:44.795Z,0.89,0.32,0.29,0.11
227.188.156.46,39,65,265,2023-07-13T09:45:44.795Z,0.50,0.25,0.64,0.24
167.94.235.99,80,80,266,2023-07-12T09:45:44.795Z,0.88,0.35,0.81,0.30
179.75.85.18,33,43,267,2023-07-11T09:45:44.795Z,0.77,0.95,0.15,0.03
86.232.7.132,76,30,268,2023-07-10T09:45:44.795Z,0.61,0.02,0.87,0.40
239.19.32.122,70,17,269,2023-07-09T09:45:44.795Z,0.95,0.12,0.41,0.75
179.75.85.18,39,44,270,2023-07-08T09:45:44.795Z,0.59,0.20,0.84,0.29
20.188.119.58,40,39,271,2023-07-07T09:45:44.795Z,0.76,0.38,0.56,0.88
201.2.155.78,73,35,272,2023-07-06T09:45:44.795Z,0.33,0.76,0.41,0.98
195.245.185.229,86,66,273,2023-07-05T09:45:44.795Z,0.32,0.05,0.84,0.89
143.62.57.8,82,2,274,2023-07-04T09:45:44.795Z,0.66,0.07,0.62,0.24
141.149.26.183,23,24,275,2023-07-03T09:45:44.795Z,0.00,0.17,0.22,0.44
247.59.218.3,87,8,276,2023-07-02T09:45:44.795Z,0.71,0.53,0.88,0.65
195.245.185.229,96,37,277,2023-07-01T09:45:44.795Z,0.71,0.08,0.28,0.93
79.222.124.27,85,85,278,2023-06-30T09:45:44.795Z,0.00,1.00,0.71,0.37
249.113.7.153,78,51,279,2023-06-29T09:45:44.795Z,0.02,0.62,0.01,0.51
239.19.32.122,43,75,280,2023-06-28T09:45:44.795Z,0.45,0.22,0.35,0.08
50.134.108.148,48,0,281,2023-06-27T09:45:44.795Z,0.34,0.29,0.22,0.85
179.75.85.18,46,4,282,2023-06-26T09:45:44.795Z,0.67,0.94,0.94,0.81
15.228.28.214,44,20,283,2023-06-25T09:45:44.795Z,0.24,0.80,0.85,0.22
173.152.24.118,16,18,284,2023-06-24T09:45:44.795Z,0.51,0.70,0.82,0.94
109.66.22.49,64,43,285,2023-06-23T09:45:44.795Z,0.41,0.99,0.18,0.32
15.228.28.214,33,71,286,2023-06-22T09:45:44.795Z,0.37,0.24,0.42,0.05
184.0.155.18,79,3,287,2023-06-21T09:45:44.795Z,0.77,0.40,0.86,0.35
32.94.39.151,44,85,288,2023-06-20T09:45:44.795Z,0.07,0.39,0.97,0.79
128.168.216.93,66,31,289,2023-06-19T09:45:44.795Z,0.34,0.72,0.03,0.28
104.168.160.188,85,79,290,2023-06-18T09:45:44.795Z,0.01,0.86,0.44,0.87
2.197.232.44,27,98,291,2023-06-17T09:45:44.795Z,0.46,0.41,0.92,0.71
104.168.160.188,62,61,292,2023-06-16T09:45:44.795Z,0.17,0.97,0.19,0.45
53.67.115.251,21,67,293,2023-06-15T09:45:44.795Z,0.38,0.14,0.36,0.23
79.222.124.27,38,24,294,2023-06-14T09:45:44.795Z,0.56,0.33,0.10,0.53
45.190.85.150,87,91,295,2023-06-13T09:45:44.795Z,0.91,0.76,0.58,0.81
143.62.57.8,70,87,296,2023-06-12T09:45:44.795Z,0.35,0.70,0.17,0.97
223.206.84.5,79,38,297,2023-06-11T09:45:44.795Z,0.16,0.47,0.51,0.04
227.188.156.46,25,21,298,2023-06-10T09:45:44.795Z,0.78,0.46,0.40,0.85
92.99.235.226,0,73,299,2023-06-09T09:45:44.795Z,0.59,0.70,0.74,0.02
247.59.218.3,19,50,300,2023-06-08T09:45:44.795Z,0.52,0.07,0.93,0.86
10.251.133.48,2,60,301,2023-06-07T09:45:44.795Z,0.16,0.04,0.69,0.67
3.49.223.141,44,18,302,2023-06-06T09:45:44.795Z,0.17,0.29,0.96,0.30
253.134.241.198,63,39,303,2023-06-05T09:45:44.795Z,0.33,0.45,0.88,0.06
30.144.190.11,30,84,304,2023-06-04T09:45:44.795Z,0.31,0.40,0.95,0.07
63.41.211.179,93,82,305,2023-06-03T09:45:44.795Z,0.95,0.04,0.85,0.17
131.49.134.99,40,52,306,2023-06-02T09:45:44.795Z,0.50,0.30,0.37,0.32
85.166.215.239,94,16,307,2023-06-01T09:45:44.795Z,0.86,0.41,0.49,1.00
54.16.254.46,87,48,308,2023-05-31T09:45:44.795Z,0.79,0.82,0.02,0.19
227.188.156.46,27,85,309,2023-05-30T09:45:44.795Z,0.93,0.85,0.62,0.97
185.165.74.188,22,56,310,2023-05-29T09:45:44.795Z,0.26,0.26,0.71,0.77
139.61.218.43,31,34,311,2023-05-28T09:45:44.795Z,0.88,0.03,0.04,0.08
215.127.155.123,92,38,312,2023-05-27T09:45:44.795Z,0.80,0.32,0.16,0.91
128.69.51.116,21,30,313,2023-05-26T09:45:44.795Z,1.00,0.81,0.70,0.11
142.91.83.61,68,16,314,2023-05-25T09:45:44.795Z,0.68,0.55,0.81,0.58
91.210.129.73,48,26,315,2023-05-24T09:45:44.795Z,0.59,0.90,0.40,0.58
14.207.162.79,24,69,316,2023-05-23T09:45:44.795Z,0.90,0.56,0.32,0.89
53.232.76.62,48,21,317,2023-05-22T09:45:44.795Z,0.61,0.29,0.84,0.21
85.166.215.239,37,5,318,2023-05-21T09:45:44.795Z,0.75,0.80,0.63,0.72
195.245.185.229,90,64,319,2023-05-20T09:45:44.795Z,0.64,0.30,0.43,0.61
247.59.218.3,40,45,320,2023-05-19T09:45:44.795Z,0.01,0.01,0.25,0.25
54.16.254.46,65,81,321,2023-05-18T09:45:44.795Z,1.00,0.45,0.36,0.74
15.192.123.244,33,65,322,2023-05-17T09:45:44.795Z,0.53,0.93,0.07,0.89
165.120.181.100,70,50,323,2023-05-16T09:45:44.795Z,0.09,0.71,0.89,0.84
14.207.162.79,0,24,324,2023-05-15T09:45:44.795Z,0.88,0.11,0.99,0.91
64.93.160.244,29,63,325,2023-05-14T09:45:44.795Z,0.01,0.16,0.23,0.05
123.146.234.160,36,43,326,2023-05-13T09:45:44.795Z,0.64,0.14,0.19,0.76
64.93.160.244,60,49,327,2023-05-12T09:45:44.795Z,0.43,0.07,0.87,0.75
20.60.218.69,37,99,328,2023-05-11T09:45:44.795Z,0.71,0.12,0.61,0.53
239.19.32.122,76,48,329,2023-05-10T09:45:44.795Z,0.70,0.72,0.46,0.13
238.22.198.167,90,14,330,2023-05-09T09:45:44.795Z,0.74,1.00,0.43,0.97
239.19.32.122,21,39,331,2023-05-08T09:45:44.795Z,0.58,0.01,0.62,0.11
7.156.108.186,65,8,332,2023-05-07T09:45:44.795Z,0.45,0.10,0.34,0.14
164.218.147.198,56,19,333,2023-05-06T09:45:44.795Z,0.55,0.59,0.14,0.18
253.134.241.198,73,32,334,2023-05-05T09:45:44.795Z,0.20,0.91,0.49,0.23
109.129.73.59,61,41,335,2023-05-04T09:45:44.795Z,0.48,0.24,0.59,0.02
74.156.128.157,28,56,336,2023-05-03T09:45:44.795Z,0.24,0.51,0.06,0.92
152.105.153.190,99,54,337,2023-05-02T09:45:44.795Z,0.23,0.41,0.19,0.81
53.67.115.251,65,20,338,2023-05-01T09:45:44.795Z,0.55,0.24,0.74,0.92
6.140.27.40,4,74,339,2023-04-30T09:45:44.795Z,0.61,0.42,0.87,0.15
24.16.66.64,81,52,340,2023-04-29T09:45:44.795Z,0.94,0.79,0.63,0.96
15.110.53.91,41,59,341,2023-04-28T09:45:44.795Z,0.25,0.52,0.67,0.79
13.248.94.78,49,39,342,2023-04-27T09:45:44.795Z,0.15,0.94,0.50,0.71
146.143.200.41,56,42,343,2023-04-26T09:45:44.795Z,0.56,0.79,0.76,0.35
86.232.7.132,47,44,344,2023-04-25T09:45:44.795Z,0.85,0.21,0.34,0.84
13.248.94.78,92,57,345,2023-04-24T09:45:44.795Z,0.26,0.43,0.57,0.01
138.124.233.7,50,94,346,2023-04-23T09:45:44.795Z,0.56,0.20,0.27,0.90
14.207.162.79,46,19,347,2023-04-22T09:45:44.795Z,0.59,0.38,0.99,0.45
89.227.13.82,36,95,348,2023-04-21T09:45:44.795Z,0.75,0.79,0.82,0.18
86.232.7.132,72,26,349,2023-04-20T09:45:44.795Z,0.23,0.97,0.10,0.75
63.41.211.179,57,0,350,2023-04-19T09:45:44.795Z,0.28,0.95,0.60,0.96
223.206.84.5,76,86,351,2023-04-18T09:45:44.795Z,0.20,0.39,0.54,0.74
170.133.84.102,1,6,352,2023-04-17T09:45:44.795Z,0.50,1.00,0.57,0.28
69.53.100.11,46,72,353,2023-04-16T09:45:44.795Z,0.87,0.51,0.02,0.63
170.133.84.102,12,14,354,2023-04-15T09:45:44.795Z,0.84,0.73,0.39,0.66
170.133.84.102,24,10,355,2023-04-14T09:45:44.795Z,0.28,0.81,0.73,0.84
239.19.32.122,84,9,356,2023-04-13T09:45:44.795Z,0.47,0.45,0.25,0.74
127.176.55.112,47,48,357,2023-04-12T09:45:44.795Z,0.30,0.38,0.69,0.99
69.53.100.11,94,74,358,2023-04-11T09:45:44.795Z,0.22,0.23,0.46,0.61
201.2.155.78,45,49,359,2023-04-10T09:45:44.795Z,0.22,0.94,0.31,0.38
227.1.158.125,38,36,360,2023-04-09T09:45:44.795Z,0.81,0.82,0.22,0.10
141.149.26.183,74,99,361,2023-04-08T09:45:44.795Z,0.84,0.40,0.78,0.14
173.152.24.118,85,61,362,2023-04-07T09:45:44.795Z,0.51,0.26,0.64,0.68
234.100.119.235,95,13,363,2023-04-06T09:45:44.795Z,0.90,0.08,0.81,0.25
30.144.190.11,41,61,364,2023-04-05T09:45:44.795Z,0.00,0.27,0.24,0.55
38.78.188.207,25,49,365,2023-04-04T09:45:44.795Z,0.70,0.03,0.51,0.23
234.100.119.235,12,88,366,2023-04-03T09:45:44.795Z,0.80,0.28,0.69,0.59
14.207.162.79,19,70,367,2023-04-02T09:45:44.795Z,0.08,0.89,0.60,0.67
232.194.60.154,63,53,368,2023-04-01T09:45:44.795Z,0.57,0.49,0.79,0.20
38.78.188.207,21,35,369,2023-03-31T09:45:44.795Z,0.47,0.02,0.53,0.45
64.93.160.244,53,53,370,2023-03-30T09:45:44.795Z,0.04,0.07,0.79,0.60
147.141.86.246,25,3,371,2023-03-29T09:45:44.795Z,0.09,0.72,0.98,0.32
53.67.115.251,79,64,372,2023-03-28T09:45:44.795Z,0.03,0.48,0.82,0.20
79.222.124.27,63,56,373,2023-03-27T09:45:44.795Z,0.92,0.52,0.93,0.81
249.113.7.153,47,23,374,2023-03-26T09:45:44.795Z,0.30,0.15,0.26,0.23
79.222.124.27,13,63,375,2023-03-25T09:45:44.795Z,0.09,0.53,0.66,0.29
85.166.215.239,13,14,376,2023-03-24T09:45:44.795Z,0.79,0.71,0.66,0.06
247.59.218.3,32,83,377,2023-03-23T09:45:44.795Z,0.15,0.95,0.43,0.94
53.232.76.62,78,36,378,2023-03-22T09:45:44.795Z,0.11,0.71,0.65,0.25
85.166.215.239,0,93,379,2023-03-21T09:45:44.795Z,0.38,0.42,0.63,0.70
20.60.218.69,53,54,380,2023-03-20T09:45:44.795Z,0.81,0.37,0.41,0.51
141.149.26.183,81,56,381,2023-03-19T09:45:44.795Z,0.15,0.39,0.16,0.45
13.248.94.78,17,81,382,2023-03-18T09:45:44.795Z,0.53,0.54,0.26,0.11
38.78.188.207,65,26,383,2023-03-17T09:45:44.795Z,0.87,0.11,0.73,0.79
128.69.51.116,32,43,384,2023-03-16T09:45:44.795Z,0.33,0.17,0.50,0.30
249.113.7.153,84,45,385,2023-03-15T09:45:44.795Z,0.96,0.52,0.15,0.55
109.129.73.59,82,41,386,2023-03-14T09:45:44.795Z,0.51,0.25,0.44,0.80
46.143.177.229,19,70,387,2023-03-13T09:45:44.795Z,0.01,0.22,0.38,0.34
223.206.84.5,42,13,388,2023-03-12T09:45:44.795Z,0.33,0.77,0.98,0.75
109.129.73.59,53,42,389,2023-03-11T09:45:44.795Z,0.33,0.48,0.04,0.76
229.146.54.0,55,7,390,2023-03-10T09:45:44.795Z,0.98,0.33,0.98,0.88
215.127.155.123,91,86,391,2023-03-09T09:45:44.795Z,0.24,0.86,0.87,0.59
89.227.13.82,57,19,392,2023-03-08T09:45:44.795Z,0.78,0.19,0.35,0.40
227.70.186.165,48,20,393,2023-03-07T09:45:44.795Z,0.52,0.84,0.44,0.59
173.152.24.118,20,6,394,2023-03-06T09:45:44.795Z,0.96,0.46,0.27,0.64
215.127.155.123,88,33,395,2023-03-05T09:45:44.795Z,0.40,0.59,0.84,0.16
32.94.39.151,61,78,396,2023-03-04T09:45:44.795Z,0.12,0.31,0.16,0.69
3.49.223.141,15,14,397,2023-03-03T09:45:44.795Z,0.24,0.04,1.00,0.90
92.99.235.226,63,32,398,2023-03-02T09:45:44.795Z,0.33,0.43,0.93,0.19
141.149.26.183,96,41,399,2023-03-01T09:45:44.795Z,0.89,0.49,0.47,0.65
74.156.128.157,80,85,400,2023-02-28T09:45:44.795Z,0.63,0.91,0.12,0.89
109.66.22.49,66,87,401,2023-02-27T09:45:44.795Z,0.81,1.00,0.64,0.62
30.144.190.11,15,19,402,2023-02-26T09:45:44.795Z,0.09,0.88,0.35,0.08
20.188.119.58,82,64,403,2023-02-25T09:45:44.795Z,0.27,0.73,0.11,0.48
128.69.51.116,6,57,404,2023-02-24T09:45:44.795Z,0.83,0.99,0.70,0.77
69.53.100.11,84,37,405,2023-02-23T09:45:44.795Z,0.52,0.05,0.44,0.39
74.156.128.157,0,83,406,2023-02-22T09:45:44.795Z,0.15,0.46,0.08,0.10
147.141.86.246,92,96,407,2023-02-21T09:45:44.795Z,0.77,0.36,0.29,0.80
11.15.29.81,1,50,408,2023-02-20T09:45:44.795Z,0.61,0.88,0.97,0.74
185.165.74.188,27,89,409,2023-02-19T09:45:44.795Z,0.38,0.27,0.54,0.66
50.134.108.148,66,74,410,2023-02-18T09:45:44.795Z,0.47,0.48,0.98,1.00
174.162.140.39,10,61,411,2023-02-17T09:45:44.795Z,0.77,0.12,0.57,0.14
64.93.160.244,37,75,412,2023-02-16T09:45:44.795Z,0.58,0.10,0.41,0.29
109.129.73.59,96,81,413,2023-02-15T09:45:44.795Z,0.13,0.42,0.10,0.47
142.91.83.61,61,39,414,2023-02-14T09:45:44.795Z,0.03,0.70,0.14,0.97
6.140.27.40,87,23,415,2023-02-13T09:45:44.795Z,0.18,1.00,0.42,0.36
165.120.181.100,5,54,416,2023-02-12T09:45:44.795Z,0.26,0.62,0.46,0.83
45.190.85.150,10,79,417,2023-02-11T09:45:44.795Z,0.75,0.64,0.18,0.25
128.168.216.93,6,27,418,2023-02-10T09:45:44.795Z,0.52,0.79,0.15,0.56
234.100.119.235,51,38,419,2023-02-09T09:45:44.795Z,0.78,0.73,0.54,0.10
45.190.85.150,14,20,420,2023-02-08T09:45:44.795Z,0.56,0.69,0.27,0.49
46.192.108.207,30,8,421,2023-02-07T09:45:44.795Z,0.80,0.86,0.66,0.98
234.100.119.235,90,31,422,2023-02-06T09:45:44.795Z,0.36,0.52,0.01,0.83
195.245.185.229,4,10,423,2023-02-05T09:45:44.795Z,0.72,0.25,0.33,0.13
152.105.153.190,56,13,424,2023-02-04T09:45:44.795Z,0.67,0.83,0.02,0.65
215.127.155.123,96,61,425,2023-02-03T09:45:44.795Z,0.46,0.28,0.49,0.40
89.227.13.82,91,96,426,2023-02-02T09:45:44.795Z,0.24,0.68,0.82,0.92
138.124.233.7,77,64,427,2023-02-01T09:45:44.795Z,0.79,0.04,0.69,0.66
195.245.185.229,64,51,428,2023-01-31T09:45:44.795Z,0.87,0.66,0.76,0.26
86.160.54.227,25,88,429,2023-01-30T09:45:44.795Z,0.13,0.56,0.34,0.17
92.99.235.226,81,49,430,2023-01-29T09:45:44.795Z,0.52,0.40,0.02,0.63
37.106.25.145,25,41,431,2023-01-28T09:45:44.795Z,0.70,0.78,0.01,0.88
229.146.54.0,54,35,432,2023-01-27T09:45:44.795Z,0.42,0.33,0.74,0.99
108.29.11.54,63,61,433,2023-01-26T09:45:44.795Z,0.27,0.43,0.14,0.19
11.15.29.81,5,19,434,2023-01-25T09:45:44.795Z,0.13,0.76,0.23,0.83
232.194.60.154,66,85,435,2023-01-24T09:45:44.795Z,0.68,0.26,0.73,0.92
195.245.185.229,85,91,436,2023-01-23T09:45:44.795Z,0.58,0.70,0.06,0.47
46.192.108.207,99,31,437,2023-01-22T09:45:44.795Z,0.08,0.29,0.99,0.90
33.58.197.125,34,32,438,2023-01-21T09:45:44.795Z,0.52,0.47,0.49,0.76
227.70.186.165,63,38,439,2023-01-20T09:45:44.795Z,0.23,0.43,0.55,0.85
129.247.21.135,22,75,440,2023-01-19T09:45:44.795Z,0.41,0.73,0.43,0.22
6.227.55.193,13,67,441,2023-01-18T09:45:44.795Z,0.45,0.36,0.36,0.53
249.113.7.153,27,78,442,2023-01-17T09:45:44.795Z,0.97,0.78,0.90,0.87
201.2.155.78,44,60,443,2023-01-16T09:45:44.795Z,0.68,0.53,0.20,0.42
30.144.190.11,32,23,444,2023-01-15T09:45:44.795Z,0.60,0.18,0.89,0.18
248.113.69.76,12,13,445,2023-01-14T09:45:44.795Z,0.82,0.28,0.43,0.95
201.2.155.78,67,58,446,2023-01-13T09:45:44.795Z,0.59,0.87,0.32,0.14
239.19.32.122,49,73,447,2023-01-12T09:45:44.795Z,0.62,0.05,0.63,0.81
234.100.119.235,1,80,448,2023-01-11T09:45:44.795Z,0.08,0.84,0.66,0.89
32.94.39.151,28,12,449,2023-01-10T09:45:44.795Z,0.67,0.30,0.27,0.06
38.78.188.207,41,4,450,2023-01-09T09:45:44.795Z,0.03,0.25,0.20,0.32
20.188.119.58,20,95,451,2023-01-08T09:45:44.795Z,0.04,0.12,0.77,0.55
15.192.123.244,77,55,452,2023-01-07T09:45:44.795Z,0.27,0.60,0.14,0.20
225.153.15.120,29,14,453,2023-01-06T09:45:44.795Z,0.93,0.56,0.23,0.42
64.93.160.244,17,49,454,2023-01-05T09:45:44.795Z,0.61,0.62,0.12,0.31
146.143.200.41,19,51,455,2023-01-04T09:45:44.795Z,0.74,0.05,0.39,0.26
128.168.216.93,85,29,456,2023-01-03T09:45:44.795Z,0.12,0.35,0.21,0.78
179.75.85.18,72,88,457,2023-01-02T09:45:44.795Z,0.84,0.05,0.62,0.51
138.124.233.7,64,64,458,2023-01-01T09:45:44.795Z,0.30,0.59,0.49,0.54
46.143.177.229,2,33,459,2022-12-31T09:45:44.795Z,0.16,0.09,0.11,0.71
54.16.254.46,43,91,460,2022-12-30T09:45:44.795Z,0.92,0.47,0.52,0.54
6.227.55.193,83,25,461,2022-12-29T09:45:44.795Z,0.24,0.73,0.80,0.24
109.66.22.49,37,3,462,2022-12-28T09:45:44.795Z,0.84,0.53,0.06,0.65
128.168.216.93,85,15,463,2022-12-27T09:45:44.795Z,0.41,0.08,0.10,0.70
195.245.185.229,57,49,464,2022-12-26T09:45:44.795Z,0.62,0.00,0.22,0.44
3.49.223.141,40,6,465,2022-12-25T09:45:44.795Z,0.50,0.60,0.74,0.17
234.228.32.255,71,37,466,2022-12-24T09:45:44.795Z,0.99,0.49,0.14,0.43
15.228.28.214,71,3,467,2022-12-23T09:45:44.795Z,0.15,0.11,0.59,0.05
195.245.185.229,0,4,468,2022-12-22T09:45:44.795Z,0.02,0.67,0.39,0.61
92.99.235.226,83,21,469,2022-12-21T09:45:44.795Z,0.91,0.63,0.11,0.38
179.75.85.18,1,89,470,2022-12-20T09:45:44.795Z,0.01,0.85,0.01,0.98
104.168.160.188,78,39,471,2022-12-19T09:45:44.795Z,0.16,0.35,0.22,0.32
234.100.119.235,20,80,472,2022-12-18T09:45:44.795Z,0.93,0.65,0.45,0.20
234.100.119.235,55,39,473,2022-12-17T09:45:44.795Z,0.35,0.52,0.65,0.32
42.153.83.69,19,82,474,2022-12-16T09:45:44.795Z,0.79,0.06,0.24,0.80
185.165.74.188,67,56,475,2022-12-15T09:45:44.795Z,0.37,0.83,0.87,0.73
142.91.83.61,57,52,476,2022-12-14T09:45:44.795Z,0.97,0.16,0.19,0.26
10.251.133.48,68,83,477,2022-12-13T09:45:44.795Z,0.31,0.06,0.82,0.38
53.67.115.251,51,84,478,2022-12-12T09:45:44.795Z,0.73,0.92,0.25,0.98
2.197.232.44,0,38,479,2022-12-11T09:45:44.795Z,0.64,0.54,0.32,0.16
234.100.119.235,53,71,480,2022-12-10T09:45:44.795Z,0.64,0.43,0.71,0.36
11.15.29.81,40,31,481,2022-12-09T09:45:44.795Z,1.00,0.30,0.65,0.04
123.146.234.160,49,44,482,2022-12-08T09:45:44.795Z,0.78,0.77,0.47,0.45
227.57.102.88,85,79,483,2022-12-07T09:45:44.795Z,0.21,0.91,0.66,0.64
53.232.76.62,13,24,484,2022-12-06T09:45:44.795Z,0.52,0.32,0.95,0.46
223.206.84.5,68,34,485,2022-12-05T09:45:44.795Z,0.31,0.19,0.28,0.09
164.218.147.198,24,48,486,2022-12-04T09:45:44.795Z,0.08,0.95,0.44,0.76
239.19.32.122,19,34,487,2022-12-03T09:45:44.795Z,0.89,0.22,0.15,0.91
2.197.232.44,73,48,488,2022-12-02T09:45:44.795Z,0.03,0.19,0.86,0.57
131.49.134.99,94,50,489,2022-12-01T09:45:44.795Z,0.40,0.64,0.88,0.77
7.156.108.186,90,74,490,2022-11-30T09:45:44.795Z,0.62,0.26,0.92,0.91
149.148.199.138,57,73,491,2022-11-29T09:45:44.795Z,0.85,0.51,0.11,0.47
38.62.124.65,55,96,492,2022-11-28T09:45:44.795Z,0.17,0.43,0.55,0.49
227.57.102.88,36,65,493,2022-11-27T09:45:44.795Z,0.38,0.16,0.75,0.40
83.246.126.40,15,35,494,2022-11-26T09:45:44.795Z,0.59,0.72,0.98,0.91
251.56.78.195,33,43,495,2022-11-25T09:45:44.795Z,0.27,0.70,0.82,0.99
239.19.32.122,2,23,496,2022-11-24T09:45:44.795Z,0.32,0.90,0.55,0.40
223.206.84.5,82,55,497,2022-11-23T09:45:44.795Z,0.52,0.12,0.49,0.76
79.222.124.27,10,1,498,2022-11-22T09:45:44.795Z,0.11,0.65,0.98,0.58
165.120.181.100,47,40,499,2022-11-21T09:45:44.795Z,0.26,0.70,0.17,0.63
234.100.119.235,91,95,500,2022-11-20T09:45:44.795Z,0.80,0.28,0.65,0.97
197.242.108.229,97,31,501,2022-11-19T09:45:44.795Z,0.82,0.41,0.99,0.17
6.140.27.40,38,97,502,2022-11-18T09:45:44.795Z,0.41,0.06,0.93,0.31
15.110.53.91,4,96,503,2022-11-17T09:45:44.795Z,0.14,0.26,0.05,0.83
46.143.177.229,65,42,504,2022-11-16T09:45:44.795Z,0.78,0.19,0.99,0.17
46.143.177.229,83,26,505,2022-11-15T09:45:44.795Z,0.27,0.12,0.23,0.91
227.57.102.88,31,9,506,2022-11-14T09:45:44.795Z,0.26,0.64,0.86,0.84
253.134.241.198,35,70,507,2022-11-13T09:45:44.795Z,0.43,0.55,0.12,0.93
131.49.134.99,28,60,508,2022-11-12T09:45:44.795Z,0.54,0.39,0.08,0.73
54.16.254.46,7,27,509,2022-11-11T09:45:44.795Z,0.93,0.97,0.44,0.88
32.94.39.151,15,77,510,2022-11-10T09:45:44.795Z,0.09,0.67,0.36,0.65
179.75.85.18,50,57,511,2022-11-09T09:45:44.795Z,0.15,0.78,0.24,0.16
167.8.102.41,31,37,512,2022-11-08T09:45:44.795Z,0.93,0.95,0.89,0.79
170.133.84.102,58,18,513,2022-11-07T09:45:44.795Z,0.19,0.33,0.84,0.21
3.49.223.141,88,23,514,2022-11-06T09:45:44.795Z,0.54,0.06,0.57,0.97
15.192.123.244,43,54,515,2022-11-05T09:45:44.795Z,0.81,0.12,0.76,0.68
85.166.215.239,31,88,516,2022-11-04T09:45:44.795Z,0.33,0.47,0.36,0.68
195.245.185.229,29,32,517,2022-11-03T09:45:44.795Z,0.43,0.50,0.42,0.86
215.127.155.123,31,63,518,2022-11-02T09:45:44.795Z,0.51,0.14,0.94,0.02
53.232.76.62,60,27,519,2022-11-01T09:45:44.795Z,0.26,0.33,0.11,0.49
15.192.123.244,32,14,520,2022-10-31T09:45:44.795Z,0.32,0.05,0.81,0.06
139.61.218.43,6,2,521,2022-10-30T09:45:44.795Z,0.40,0.86,0.25,0.33
195.245.185.229,70,24,522,2022-10-29T09:45:44.795Z,0.30,0.69,0.42,0.74
142.91.83.61,41,84,523,2022-10-28T09:45:44.795Z,0.82,0.13,0.45,0.31
6.227.55.193,78,20,524,2022-10-27T09:45:44.795Z,0.95,0.03,0.33,0.49
6.140.27.40,16,75,525,2022-10-26T09:45:44.795Z,0.93,0.60,0.32,0.15
215.127.155.123,74,59,526,2022-10-25T09:45:44.795Z,0.00,0.48,0.87,0.22
113.29.33.83,44,83,527,2022-10-24T09:45:44.795Z,0.79,0.50,0.60,0.77
121.20.106.23,26,68,528,2022-10-23T09:45:44.795Z,0.22,0.74,0.59,0.77
201.2.155.78,73,61,529,2022-10-22T09:45:44.795Z,0.80,0.28,0.84,0.76
46.143.177.229,35,34,530,2022-10-21T09:45:44.795Z,0.00,0.76,0.95,0.99
238.22.198.167,65,12,531,2022-10-20T09:45:44.795Z,0.20,0.33,0.18,0.49
33.58.197.125,62,58,532,2022-10-19T09:45:44.795Z,0.45,0.20,0.72,0.63
147.141.86.246,47,97,533,2022-10-18T09:45:44.795Z,0.02,0.02,0.80,0.84
20.188.119.58,30,54,534,2022-10-17T09:45:44.795Z,0.83,0.62,0.87,0.04
109.66.22.49,14,40,535,2022-10-16T09:45:44.795Z,0.23,0.21,0.41,0.11
42.153.83.69,96,46,536,2022-10-15T09:45:44.795Z,0.69,0.43,0.99,0.30
109.66.22.49,15,8,537,2022-10-14T09:45:44.795Z,0.33,0.63,0.76,0.06
143.62.57.8,66,42,538,2022-10-13T09:45:44.795Z,0.29,0.69,0.21,0.96
62.221.0.43,69,27,539,2022-10-12T09:45:44.795Z,0.63,0.71,0.75,0.46
53.232.76.62,98,47,540,2022-10-11T09:45:44.795Z,0.70,0.60,0.59,0.61
86.232.7.132,59,68,541,2022-10-10T09:45:44.795Z,0.96,0.29,0.05,0.07
234.228.32.255,75,40,542,2022-10-09T09:45:44.795Z,0.93,0.91,0.76,0.60
184.0.155.18,4,93,543,2022-10-08T09:45:44.795Z,0.72,0.76,0.03,0.39
225.153.15.120,47,30,544,2022-10-07T09:45:44.795Z,0.14,0.58,0.02,0.74
146.143.200.41,3,91,545,2022-10-06T09:45:44.795Z,0.51,0.49,0.92,0.19
128.168.216.93,80,9,546,2022-10-05T09:45:44.795Z,0.53,0.11,0.84,0.92
92.99.235.226,59,64,547,2022-10-04T09:45:44.795Z,0.06,0.48,0.24,0.11
20.60.218.69,64,31,548,2022-10-03T09:45:44.795Z,0.79,0.39,0.17,0.05
201.2.155.78,82,1,549,2022-10-02T09:45:44.795Z,0.40,0.76,0.86,0.78
98.210.78.214,43,77,550,2022-10-01T09:45:44.795Z,0.89,0.07,0.29,0.27
215.127.155.123,48,14,551,2022-09-30T09:45:44.795Z,0.77,0.87,0.86,0.74
146.143.200.41,66,41,552,2022-09-29T09:45:44.795Z,0.60,0.93,0.09,0.83
173.152.24.118,64,55,553,2022-09-28T09:45:44.795Z,0.93,0.01,0.40,0.78
32.94.39.151,66,98,554,2022-09-27T09:45:44.795Z,0.90,0.75,0.47,0.80
234.228.32.255,64,16,555,2022-09-26T09:45:44.795Z,0.64,0.94,0.20,0.39
170.133.84.102,19,32,556,2022-09-25T09:45:44.795Z,0.03,0.39,0.58,0.92
123.146.234.160,72,28,557,2022-09-24T09:45:44.795Z,0.62,0.04,0.17,0.08
128.168.216.93,6,28,558,2022-09-23T09:45:44.795Z,0.72,0.43,0.07,0.58
62.221.0.43,74,54,559,2022-09-22T09:45:44.795Z,0.93,0.76,0.13,0.74
164.218.147.198,58,76,560,2022-09-21T09:45:44.795Z,0.40,0.65,0.90,0.64
62.221.0.43,20,86,561,2022-09-20T09:45:44.795Z,0.69,0.88,0.86,0.27
167.94.235.99,37,84,562,2022-09-19T09:45:44.795Z,0.76,0.99,0.64,0.62
104.168.160.188,84,24,563,2022-09-18T09:45:44.795Z,0.45,0.07,0.08,0.41
53.232.76.62,60,54,564,2022-09-17T09:45:44.795Z,0.46,0.25,0.93,0.54
211.28.18.54,46,27,565,2022-09-16T09:45:44.795Z,0.04,0.90,0.16,0.17
20.188.119.58,9,35,566,2022-09-15T09:45:44.795Z,0.94,0.90,0.94,0.16
147.141.86.246,52,90,567,2022-09-14T09:45:44.795Z,0.09,0.82,0.06,0.83
152.105.153.190,52,99,568,2022-09-13T09:45:44.795Z,0.63,0.45,0.88,0.41
232.194.60.154,61,43,569,2022-09-12T09:45:44.795Z,0.98,0.41,0.12,0.93
248.113.69.76,81,41,570,2022-09-11T09:45:44.795Z,0.84,0.10,0.95,0.27
173.152.24.118,59,50,571,2022-09-10T09:45:44.795Z,0.86,0.29,0.37,0.78
113.29.33.83,81,3,572,2022-09-09T09:45:44.795Z,0.95,0.69,0.68,0.26
74.156.128.157,70,89,573,2022-09-08T09:45:44.795Z,0.56,0.26,0.02,0.12
53.232.76.62,73,51,574,2022-09-07T09:45:44.795Z,0.90,0.74,0.90,0.76
165.120.181.100,42,76,575,2022-09-06T09:45:44.795Z,0.29,0.84,0.94,0.76
64.93.160.244,89,6,576,2022-09-05T09:45:44.795Z,0.56,0.55,0.52,0.44
141.149.26.183,63,26,577,2022-09-04T09:45:44.795Z,0.48,0.64,0.28,0.42
38.62.124.65,29,39,578,2022-09-03T09:45:44.795Z,0.65,0.43,0.69,0.40
33.58.197.125,68,30,579,2022-09-02T09:45:44.795Z,0.06,0.25,0.82,0.51
141.149.26.183,16,83,580,2022-09-01T09:45:44.795Z,0.72,0.73,0.24,0.58
127.176.55.112,31,26,581,2022-08-31T09:45:44.795Z,0.75,0.65,0.88,0.21
253.134.241.198,92,17,582,2022-08-30T09:45:44.795Z,0.43,0.23,0.48,0.50
215.127.155.123,20,30,583,2022-08-29T09:45:44.795Z,0.33,0.44,0.08,0.14
211.28.18.54,16,56,584,2022-08-28T09:45:44.795Z,0.13,0.95,0.02,0.33
15.110.53.91,84,29,585,2022-08-27T09:45:44.795Z,0.65,0.02,0.49,0.30
167.94.235.99,27,90,586,2022-08-26T09:45:44.795Z,0.58,0.30,0.36,0.96
24.16.66.64,48,55,587,2022-08-25T09:45:44.795Z,0.02,0.64,0.08,0.38
253.134.241.198,2,64,588,2022-08-24T09:45:44.795Z,0.41,0.53,0.01,0.89
164.218.147.198,78,0,589,2022-08-23T09:45:44.795Z,0.10,0.61,0.44,0.56
46.192.108.207,79,8,590,2022-08-22T09:45:44.795Z,0.84,0.20,0.65,0.77
6.227.55.193,20,68,591,2022-08-21T09:45:44.795Z,0.62,0.80,0.65,0.62
86.160.54.227,22,20,592,2022-08-20T09:45:44.795Z,0.26,0.88,0.08,0.71
15.192.123.244,27,69,593,2022-08-19T09:45:44.795Z,0.82,0.22,0.80,0.43
38.78.188.207,87,5,594,2022-08-18T09:45:44.795Z,0.86,0.90,0.94,0.98
127.176.55.112,69,59,595,2022-08-17T09:45:44.795Z,0.72,0.90,0.91,0.92
238.22.198.167,62,78,596,2022-08-16T09:45:44.795Z,0.07,0.97,0.43,0.03
253.134.241.198,59,8,597,2022-08-15T09:45:44.795Z,0.21,1.00,0.29,0.07
183.215.195.124,7,89,598,2022-08-14T09:45:44.795Z,0.33,0.43,0.41,0.79
139.61.218.43,5,36,599,2022-08-13T09:45:44.795Z,0.36,0.05,0.63,0.83
19.188.91.108,7,98,600,2022-08-12T09:45:44.795Z,0.26,0.04,0.38,0.48
24.16.66.64,60,38,601,2022-08-11T09:45:44.795Z,0.20,0.99,0.90,0.37
15.110.53.91,58,28,602,2022-08-10T09:45:44.795Z,0.86,0.42,0.49,0.50
232.194.60.154,86,12,603,2022-08-09T09:45:44.795Z,0.53,0.35,0.91,0.92
104.168.160.188,17,0,604,2022-08-08T09:45:44.795Z,0.88,0.03,0.89,0.65
42.153.83.69,92,88,605,2022-08-07T09:45:44.795Z,0.46,0.02,0.10,0.99
7.156.108.186,6,11,606,2022-08-06T09:45:44.795Z,0.41,0.46,0.10,0.61
63.41.211.179,99,77,607,2022-08-05T09:45:44.795Z,0.08,0.12,0.71,0.77
141.149.26.183,90,69,608,2022-08-04T09:45:44.795Z,0.84,0.10,0.64,0.26
184.0.155.18,67,80,609,2022-08-03T09:45:44.795Z,0.36,0.61,0.03,0.45
7.156.108.186,67,14,610,2022-08-02T09:45:44.795Z,0.42,0.13,0.45,0.61
42.153.83.69,11,54,611,2022-08-01T09:45:44.795Z,0.14,0.36,0.45,0.04
38.62.124.65,90,78,612,2022-07-31T09:45:44.795Z,0.58,0.38,0.02,0.87
247.59.218.3,55,28,613,2022-07-30T09:45:44.795Z,0.33,0.79,0.16,0.82
167.94.235.99,75,79,614,2022-07-29T09:45:44.795Z,0.77,0.23,0.46,0.23
146.143.200.41,46,88,615,2022-07-28T09:45:44.795Z,0.04,0.06,0.18,0.80
227.70.186.165,61,80,616,2022-07-27T09:45:44.795Z,0.46,0.97,0.65,0.87
69.53.100.11,98,40,617,2022-07-26T09:45:44.795Z,0.52,0.27,0.31,0.37
164.218.147.198,22,98,618,2022-07-25T09:45:44.795Z,0.79,0.63,0.60,0.80
123.146.234.160,66,78,619,2022-07-24T09:45:44.795Z,0.84,0.01,0.81,0.32
215.127.155.123,43,20,620,2022-07-23T09:45:44.795Z,0.51,0.25,0.32,0.17
227.1.158.125,15,49,621,2022-07-22T09:45:44.795Z,0.96,0.19,0.82,0.43
15.110.53.91,43,11,622,2022-07-21T09:45:44.795Z,0.17,0.02,0.21,0.07
11.15.29.81,43,9,623,2022-07-20T09:45:44.795Z,0.74,0.84,0.27,0.42
121.20.106.23,36,99,624,2022-07-19T09:45:44.795Z,0.72,0.66,0.76,0.88
197.242.108.229,94,38,625,2022-07-18T09:45:44.795Z,0.63,0.81,0.90,0.93
249.113.7.153,83,0,626,2022-07-17T09:45:44.795Z,0.53,0.00,0.05,0.87
86.160.54.227,83,9,627,2022-07-16T09:45:44.795Z,0.58,0.23,0.58,0.95
183.215.195.124,2,2,628,2022-07-15T09:45:44.795Z,0.20,0.89,0.94,0.94
234.228.32.255,20,74,629,2022-07-14T09:45:44.795Z,0.15,0.46,0.52,0.01
185.165.74.188,20,38,630,2022-07-13T09:45:44.795Z,0.72,0.53,0.66,0.46
50.134.108.148,42,81,631,2022-07-12T09:45:44.795Z,0.20,0.48,0.93,0.68
227.1.158.125,26,48,632,2022-07-11T09:45:44.795Z,0.34,0.41,0.35,0.27
129.247.21.135,9,13,633,2022-07-10T09:45:44.795Z,0.89,0.43,0.18,0.12
32.94.39.151,67,28,634,2022-07-09T09:45:44.795Z,0.78,0.29,0.93,0.97
147.141.86.246,48,42,635,2022-07-08T09:45:44.795Z,0.89,0.66,0.26,0.87
141.149.26.183,43,84,636,2022-07-07T09:45:44.795Z,0.57,0.18,0.59,0.75
64.93.160.244,6,57,637,2022-07-06T09:45:44.795Z,0.55,0.36,0.79,0.13
170.133.84.102,86,38,638,2022-07-05T09:45:44.795Z,0.43,0.76,0.07,0.05
234.228.32.255,22,6,639,2022-07-04T09:45:44.795Z,0.67,0.88,0.67,0.57
131.49.134.99,16,63,640,2022-07-03T09:45:44.795Z,0.90,0.96,0.81,0.63
143.62.57.8,68,81,641,2022-07-02T09:45:44.795Z,0.61,0.87,0.59,0.33
143.62.57.8,93,56,642,2022-07-01T09:45:44.795Z,0.04,0.54,0.36,0.79
229.146.54.0,53,85,643,2022-06-30T09:45:44.795Z,0.65,0.53,0.08,0.28
15.228.28.214,55,57,644,2022-06-29T09:45:44.795Z,0.50,0.77,0.44,0.98
32.94.39.151,96,42,645,2022-06-28T09:45:44.795Z,0.29,0.04,0.49,0.74
33.58.197.125,22,79,646,2022-06-27T09:45:44.795Z,0.77,0.74,0.34,0.98
138.124.233.7,57,33,647,2022-06-26T09:45:44.795Z,0.09,0.02,0.45,0.59
146.143.200.41,50,61,648,2022-06-25T09:45:44.795Z,0.95,0.86,0.89,0.67
227.57.102.88,95,73,649,2022-06-24T09:45:44.795Z,0.33,0.13,0.00,0.53
167.94.235.99,43,23,650,2022-06-23T09:45:44.795Z,0.60,0.87,0.20,0.12
15.110.53.91,26,46,651,2022-06-22T09:45:44.795Z,0.15,0.18,0.18,0.39
142.91.83.61,32,96,652,2022-06-21T09:45:44.795Z,0.16,0.23,0.74,0.31
38.62.124.65,8,13,653,2022-06-20T09:45:44.795Z,0.05,0.75,0.49,0.78
138.124.233.7,98,72,654,2022-06-19T09:45:44.795Z,0.71,0.97,0.20,0.98
234.228.32.255,30,58,655,2022-06-18T09:45:44.795Z,0.26,0.15,0.53,0.14
86.160.54.227,18,21,656,2022-06-17T09:45:44.795Z,0.14,0.67,0.23,0.18
249.113.7.153,28,37,657,2022-06-16T09:45:44.795Z,0.66,0.93,0.91,0.63
165.120.181.100,62,29,658,2022-06-15T09:45:44.795Z,0.40,0.37,0.26,0.47
121.20.106.23,85,6,659,2022-06-14T09:45:44.795Z,0.97,0.87,0.59,0.86
164.218.147.198,91,88,660,2022-06-13T09:45:44.795Z,0.08,0.76,0.63,0.21
46.192.108.207,11,35,661,2022-06-12T09:45:44.795Z,0.40,0.70,0.92,0.71
152.105.153.190,26,83,662,2022-06-11T09:45:44.795Z,0.68,0.92,0.25,0.87
64.93.160.244,21,11,663,2022-06-10T09:45:44.795Z,0.41,0.78,0.80,0.76
64.93.160.244,5,8,664,2022-06-09T09:45:44.795Z,0.82,0.87,0.15,0.05
74.156.128.157,34,83,665,2022-06-08T09:45:44.795Z,0.68,0.15,0.64,0.45
185.165.74.188,90,63,666,2022-06-07T09:45:44.795Z,0.45,0.67,0.61,0.56
113.29.33.83,10,83,667,2022-06-06T09:45:44.795Z,0.53,0.98,0.81,0.52
10.251.133.48,88,45,668,2022-06-05T09:45:44.795Z,0.38,0.14,0.60,0.49
2.197.232.44,90,27,669,2022-06-04T09:45:44.795Z,0.53,0.84,0.96,0.33
109.66.22.49,35,37,670,2022-06-03T09:45:44.795Z,0.80,0.88,0.57,0.52
42.153.83.69,13,21,671,2022-06-02T09:45:44.795Z,0.67,0.40,0.96,0.02
167.8.102.41,69,97,672,2022-06-01T09:45:44.795Z,0.86,0.21,0.12,0.77
232.194.60.154,84,67,673,2022-05-31T09:45:44.795Z,0.84,0.95,0.38,0.24
195.245.185.229,44,83,674,2022-05-30T09:45:44.795Z,0.56,0.79,0.37,0.03
37.106.25.145,93,70,675,2022-05-29T09:45:44.795Z,0.33,0.40,0.55,0.84
139.61.218.43,62,48,676,2022-05-28T09:45:44.795Z,0.18,0.98,0.57,0.44
46.192.108.207,31,29,677,2022-05-27T09:45:44.795Z,0.54,0.67,0.62,0.70
197.242.108.229,23,4,678,2022-05-26T09:45:44.795Z,0.67,0.79,0.54,0.68
152.105.153.190,48,59,679,2022-05-25T09:45:44.795Z,0.84,0.43,0.60,0.27
37.106.25.145,3,23,680,2022-05-24T09:45:44.795Z,0.00,0.02,0.52,0.91
247.59.218.3,51,34,681,2022-05-23T09:45:44.795Z,0.29,0.72,0.27,0.58
238.234.36.127,2,85,682,2022-05-22T09:45:44.795Z,0.19,0.52,0.09,0.08
251.56.78.195,51,67,683,2022-05-21T09:45:44.795Z,0.17,0.42,0.08,0.76
227.188.156.46,35,25,684,2022-05-20T09:45:44.795Z,0.43,0.46,0.67,0.20
232.194.60.154,25,81,685,2022-05-19T09:45:44.795Z,0.22,0.11,0.70,0.72
6.140.27.40,7,39,686,2022-05-18T09:45:44.795Z,0.26,0.26,0.10,0.40
109.129.73.59,86,12,687,2022-05-17T09:45:44.795Z,0.16,0.56,0.77,0.04
121.20.106.23,85,0,688,2022-05-16T09:45:44.795Z,0.41,0.24,0.59,0.83
223.206.84.5,87,13,689,2022-05-15T09:45:44.795Z,0.94,0.36,0.91,0.63
30.144.190.11,8,40,690,2022-05-14T09:45:44.795Z,0.02,0.80,0.59,0.57
149.148.199.138,14,26,691,2022-05-13T09:45:44.795Z,0.75,0.28,0.61,0.78
98.210.78.214,88,29,692,2022-05-12T09:45:44.795Z,0.62,0.07,0.99,0.01
170.133.84.102,93,76,693,2022-05-11T09:45:44.795Z,0.96,0.95,0.33,0.64
108.29.11.54,97,48,694,2022-05-10T09:45:44.795Z,0.95,0.20,0.19,0.53
142.91.83.61,82,68,695,2022-05-09T09:45:44.795Z,0.99,0.85,0.59,0.66
108.29.11.54,7,47,696,2022-05-08T09:45:44.795Z,0.37,0.37,0.54,0.74
239.19.32.122,93,60,697,2022-05-07T09:45:44.795Z,0.62,0.94,0.41,0.07
167.94.235.99,36,72,698,2022-05-06T09:45:44.795Z,0.93,0.32,0.57,0.84
232.194.60.154,12,84,699,2022-05-05T09:45:44.795Z,0.74,0.53,0.42,0.69
234.228.32.255,66,56,700,2022-05-04T09:45:44.795Z,0.34,0.43,0.16,0.32
139.61.218.43,75,55,701,2022-05-03T09:45:44.795Z,0.37,0.20,0.61,0.25
20.60.218.69,26,14,702,2022-05-02T09:45:44.795Z,0.17,0.93,0.28,0.57
50.134.108.148,94,72,703,2022-05-01T09:45:44.795Z,0.15,0.21,0.46,0.07
253.134.241.198,49,72,704,2022-04-30T09:45:44.795Z,0.49,0.29,0.57,0.32
10.251.133.48,68,89,705,2022-04-29T09:45:44.795Z,0.20,0.68,0.42,0.56
211.28.18.54,58,11,706,2022-04-28T09:45:44.795Z,0.76,0.52,0.78,0.32
131.49.134.99,54,31,707,2022-04-27T09:45:44.795Z,0.99,0.49,0.95,0.19
183.215.195.124,86,90,708,2022-04-26T09:45:44.795Z,0.15,0.44,0.42,0.24
223.206.84.5,87,30,709,2022-04-25T09:45:44.795Z,0.64,0.11,0.15,0.72
38.62.124.65,89,61,710,2022-04-24T09:45:44.795Z,0.18,0.20,0.97,0.74
147.141.86.246,97,70,711,2022-04-23T09:45:44.795Z,0.67,0.49,0.28,0.83
215.127.155.123,3,26,712,2022-04-22T09:45:44.795Z,0.69,0.58,0.12,0.38
142.91.83.61,10,66,713,2022-04-21T09:45:44.795Z,0.58,0.30,0.79,0.17
142.91.83.61,34,67,714,2022-04-20T09:45:44.795Z,0.07,0.25,0.12,0.60
109.66.22.49,59,5,715,2022-04-19T09:45:44.795Z,0.05,0.70,0.97,0.92
147.141.86.246,61,49,716,2022-04-18T09:45:44.795Z,0.30,0.11,0.41,0.19
123.146.234.160,78,17,717,2022-04-17T09:45:44.795Z,0.94,0.75,0.09,0.97
38.78.188.207,40,47,718,2022-04-16T09:45:44.795Z,0.82,0.21,0.83,0.94
129.247.21.135,15,16,719,2022-04-15T09:45:44.795Z,0.64,0.96,0.16,0.03
227.70.186.165,36,54,720,2022-04-14T09:45:44.795Z,0.59,0.54,0.86,0.09
128.168.216.93,81,35,721,2022-04-13T09:45:44.795Z,0.33,0.97,0.56,0.14
13.248.94.78,82,24,722,2022-04-12T09:45:44.795Z,0.43,0.53,0.72,0.63
131.49.134.99,11,77,723,2022-04-11T09:45:44.795Z,0.69,0.52,0.61,0.04
225.153.15.120,24,46,724,2022-04-10T09:45:44.795Z,0.22,0.17,0.62,0.52
131.49.134.99,50,54,725,2022-04-09T09:45:44.795Z,0.62,0.79,0.73,0.84
170.133.84.102,59,94,726,2022-04-08T09:45:44.795Z,0.15,0.85,0.68,0.32
50.134.108.148,76,66,727,2022-04-07T09:45:44.795Z,0.29,0.40,0.80,0.55
86.160.54.227,21,93,728,2022-04-06T09:45:44.795Z,0.15,0.66,0.66,0.30
79.222.124.27,40,39,729,2022-04-05T09:45:44.795Z,0.58,0.41,0.11,0.43
6.140.27.40,75,15,730,2022-04-04T09:45:44.795Z,0.18,0.37,0.69,0.06
2.197.232.44,37,98,731,2022-04-03T09:45:44.795Z,0.95,0.38,0.32,0.90
127.176.55.112,81,58,732,2022-04-02T09:45:44.795Z,0.65,0.99,0.04,0.31
225.153.15.120,62,91,733,2022-04-01T09:45:44.795Z,0.83,0.07,0.58,0.92
92.99.235.226,30,3,734,2022-03-31T09:45:44.795Z,0.14,0.62,0.52,0.34
46.192.108.207,73,52,735,2022-03-30T09:45:44.795Z,0.45,0.04,0.86,0.25
174.162.140.39,17,78,736,2022-03-29T09:45:44.795Z,0.21,0.16,0.69,0.95
38.78.188.207,48,25,737,2022-03-28T09:45:44.795Z,0.95,0.14,0.09,0.36
98.210.78.214,78,18,738,2022-03-27T09:45:44.795Z,0.99,0.50,0.16,0.15
15.228.28.214,91,91,739,2022-03-26T09:45:44.795Z,0.26,0.14,0.87,0.47
86.160.54.227,35,35,740,2022-03-25T09:45:44.795Z,0.41,0.56,0.64,0.72
62.221.0.43,15,89,741,2022-03-24T09:45:44.795Z,0.40,0.61,0.19,0.89
185.165.74.188,40,69,742,2022-03-23T09:45:44.795Z,0.10,0.59,0.60,0.47
239.19.32.122,98,24,743,2022-03-22T09:45:44.795Z,0.74,0.60,0.50,0.42
227.57.102.88,81,7,744,2022-03-21T09:45:44.795Z,0.14,0.89,0.72,0.22
92.99.235.226,3,38,745,2022-03-20T09:45:44.795Z,0.91,0.48,0.85,0.97
167.8.102.41,43,38,746,2022-03-19T09:45:44.795Z,0.00,0.21,0.06,0.01
92.174.228.133,98,10,747,2022-03-18T09:45:44.795Z,0.36,0.31,0.40,0.90
19.188.91.108,91,0,748,2022-03-17T09:45:44.795Z,0.22,0.86,0.47,0.31
113.29.33.83,62,34,749,2022-03-16T09:45:44.795Z,0.48,0.03,0.10,0.78
86.232.7.132,28,23,750,2022-03-15T09:45:44.795Z,0.49,0.28,0.25,0.48
89.227.13.82,43,17,751,2022-03-14T09:45:44.795Z,0.96,0.67,0.08,0.88
138.124.233.7,29,17,752,2022-03-13T09:45:44.795Z,0.71,0.74,0.18,0.75
142.91.83.61,76,40,753,2022-03-12T09:45:44.795Z,0.65,0.34,0.42,0.11
83.246.126.40,78,9,754,2022-03-11T09:45:44.795Z,0.17,0.71,0.59,0.78
238.234.36.127,85,34,755,2022-03-10T09:45:44.795Z,0.71,0.63,0.25,0.50
14.207.162.79,62,45,756,2022-03-09T09:45:44.795Z,0.19,0.71,0.37,0.55
197.242.108.229,23,47,757,2022-03-08T09:45:44.795Z,0.48,0.73,0.97,0.34
195.245.185.229,21,79,758,2022-03-07T09:45:44.795Z,0.48,0.53,0.22,0.14
7.156.108.186,81,84,759,2022-03-06T09:45:44.795Z,0.04,0.15,0.93,0.51
63.41.211.179,14,5,760,2022-03-05T09:45:44.795Z,0.50,0.10,0.89,0.58
184.0.155.18,49,64,761,2022-03-04T09:45:44.795Z,0.67,0.63,0.58,0.94
215.127.155.123,64,37,762,2022-03-03T09:45:44.795Z,0.28,0.88,0.92,0.27
7.156.108.186,24,88,763,2022-03-02T09:45:44.795Z,0.90,0.79,0.22,0.64
33.58.197.125,84,24,764,2022-03-01T09:45:44.795Z,0.52,0.15,0.52,0.32
14.207.162.79,24,52,765,2022-02-28T09:45:44.795Z,0.23,0.53,0.69,0.39
167.8.102.41,11,31,766,2022-02-27T09:45:44.795Z,0.16,0.45,0.71,0.74
225.153.15.120,43,56,767,2022-02-26T09:45:44.795Z,0.44,0.54,0.35,0.38
79.222.124.27,43,66,768,2022-02-25T09:45:44.795Z,0.37,0.32,0.16,0.68
79.222.124.27,28,12,769,2022-02-24T09:45:44.795Z,0.55,0.23,0.15,0.30
91.210.129.73,47,30,770,2022-02-23T09:45:44.795Z,0.97,0.57,0.78,0.75
201.2.155.78,42,71,771,2022-02-22T09:45:44.795Z,0.72,0.89,0.81,0.77
174.162.140.39,47,2,772,2022-02-21T09:45:44.795Z,0.86,0.21,0.73,0.10
33.58.197.125,94,9,773,2022-02-20T09:45:44.795Z,0.50,0.29,0.76,0.72
13.248.94.78,61,45,774,2022-02-19T09:45:44.795Z,0.01,0.95,0.56,0.43
227.1.158.125,49,62,775,2022-02-18T09:45:44.795Z,0.15,0.78,0.34,0.95
121.20.106.23,30,87,776,2022-02-17T09:45:44.795Z,0.98,0.32,0.12,0.77
108.29.11.54,94,13,777,2022-02-16T09:45:44.795Z,0.02,0.83,0.23,0.88
174.162.140.39,42,90,778,2022-02-15T09:45:44.795Z,0.95,0.72,0.87,0.81
248.113.69.76,89,22,779,2022-02-14T09:45:44.795Z,0.33,0.18,0.69,0.75
108.29.11.54,18,70,780,2022-02-13T09:45:44.795Z,0.63,0.16,0.80,0.93
131.49.134.99,25,64,781,2022-02-12T09:45:44.795Z,0.42,0.66,0.87,0.33
121.20.106.23,42,42,782,2022-02-11T09:45:44.795Z,0.70,0.11,0.95,0.43
85.166.215.239,95,77,783,2022-02-10T09:45:44.795Z,0.25,0.88,0.31,0.54
69.53.100.11,53,73,784,2022-02-09T09:45:44.795Z,0.56,0.00,0.63,0.61
108.29.11.54,67,78,785,2022-02-08T09:45:44.795Z,0.46,0.54,0.31,0.03
141.149.26.183,63,55,786,2022-02-07T09:45:44.795Z,0.28,0.96,0.82,0.64
227.188.156.46,50,24,787,2022-02-06T09:45:44.795Z,0.56,0.70,0.32,0.04
46.192.108.207,12,73,788,2022-02-05T09:45:44.795Z,0.82,0.79,0.29,0.50
20.60.218.69,93,93,789,2022-02-04T09:45:44.795Z,0.41,0.54,0.77,0.87
234.228.32.255,24,4,790,2022-02-03T09:45:44.795Z,0.81,0.69,0.59,0.57
141.149.26.183,56,70,791,2022-02-02T09:45:44.795Z,0.44,0.15,0.38,0.49
79.222.124.27,58,94,792,2022-02-01T09:45:44.795Z,0.89,0.48,0.33,0.32
53.67.115.251,17,5,793,2022-01-31T09:45:44.795Z,0.70,0.43,0.40,0.28
109.66.22.49,67,67,794,2022-01-30T09:45:44.795Z,0.10,0.28,0.22,0.48
20.60.218.69,79,27,795,2022-01-29T09:45:44.795Z,0.46,0.19,0.90,0.63
195.245.185.229,49,49,796,2022-01-28T09:45:44.795Z,0.19,0.13,0.57,0.63
38.78.188.207,91,42,797,2022-01-27T09:45:44.795Z,0.57,0.65,0.15,0.83
32.94.39.151,1,20,798,2022-01-26T09:45:44.795Z,0.26,0.06,0.52,0.21
238.234.36.127,69,80,799,2022-01-25T09:45:44.795Z,0.39,0.40,0.96,0.86
211.28.18.54,61,23,800,2022-01-24T09:45:44.795Z,0.05,0.03,0.65,0.02
127.176.55.112,24,94,801,2022-01-23T09:45:44.795Z,0.33,0.44,0.31,0.02
170.133.84.102,2,90,802,2022-01-22T09:45:44.795Z,0.04,0.64,0.77,0.93
24.16.66.64,11,3,803,2022-01-21T09:45:44.795Z,0.30,0.77,0.93,0.93
24.16.66.64,11,2,804,2022-01-20T09:45:44.795Z,0.08,0.90,0.19,0.12
227.188.156.46,27,97,805,2022-01-19T09:45:44.795Z,0.77,0.00,0.02,0.72
215.127.155.123,46,27,806,2022-01-18T09:45:44.795Z,0.56,0.03,0.22,0.76
139.61.218.43,25,50,807,2022-01-17T09:45:44.795Z,0.60,0.68,0.80,0.98
215.127.155.123,46,72,808,2022-01-16T09:45:44.795Z,0.81,0.60,0.66,0.85
14.207.162.79,54,52,809,2022-01-15T09:45:44.795Z,0.48,0.61,0.01,0.48
247.59.218.3,10,52,810,2022-01-14T09:45:44.795Z,0.31,0.78,0.95,0.28
179.75.85.18,52,67,811,2022-01-13T09:45:44.795Z,0.20,0.16,0.99,0.16
183.215.195.124,59,32,812,2022-01-12T09:45:44.795Z,0.69,0.86,0.77,0.45
248.113.69.76,98,25,813,2022-01-11T09:45:44.795Z,0.89,0.20,0.84,0.53
138.124.233.7,32,50,814,2022-01-10T09:45:44.795Z,0.27,0.28,0.55,0.98
104.168.160.188,65,14,815,2022-01-09T09:45:44.795Z,0.16,0.64,0.33,0.28
92.174.228.133,8,45,816,2022-01-08T09:45:44.795Z,0.14,0.80,0.13,0.40
128.69.51.116,77,41,817,2022-01-07T09:45:44.795Z,0.75,0.93,0.71,0.12
109.66.22.49,17,96,818,2022-01-06T09:45:44.795Z,0.18,0.57,0.87,0.32
149.148.199.138,14,85,819,2022-01-05T09:45:44.795Z,0.27,0.11,0.50,0.28
79.222.124.27,28,34,820,2022-01-04T09:45:44.795Z,0.61,0.33,0.19,0.73
170.133.84.102,11,41,821,2022-01-03T09:45:44.795Z,0.54,0.38,0.63,0.81
46.192.108.207,98,20,822,2022-01-02T09:45:44.795Z,0.46,0.01,0.90,0.10
146.143.200.41,31,37,823,2022-01-01T09:45:44.795Z,0.77,0.22,0.95,0.58
37.106.25.145,61,52,824,2021-12-31T09:45:44.795Z,0.09,0.02,0.24,0.39
15.228.28.214,56,84,825,2021-12-30T09:45:44.795Z,0.07,0.20,0.82,0.28
238.22.198.167,41,42,826,2021-12-29T09:45:44.795Z,0.26,0.83,0.28,0.59
184.0.155.18,64,88,827,2021-12-28T09:45:44.795Z,0.17,0.14,0.39,0.05
92.174.228.133,16,80,828,2021-12-27T09:45:44.795Z,0.48,0.08,0.35,0.79
225.153.15.120,99,94,829,2021-12-26T09:45:44.795Z,0.58,0.51,0.81,0.09
86.160.54.227,92,81,830,2021-12-25T09:45:44.795Z,0.61,0.43,0.86,0.54
37.106.25.145,84,66,831,2021-12-24T09:45:44.795Z,0.51,0.97,0.93,1.00
183.215.195.124,38,42,832,2021-12-23T09:45:44.795Z,0.77,0.85,0.13,0.46
143.62.57.8,58,61,833,2021-12-22T09:45:44.795Z,0.86,0.24,0.49,0.88
113.29.33.83,93,21,834,2021-12-21T09:45:44.795Z,0.47,0.09,0.09,0.01
232.194.60.154,68,49,835,2021-12-20T09:45:44.795Z,0.12,0.79,0.01,0.74
173.152.24.118,35,13,836,2021-12-19T09:45:44.795Z,0.60,0.83,0.17,0.15
211.28.18.54,92,38,837,2021-12-18T09:45:44.795Z,0.86,0.29,0.94,0.18
3.49.223.141,44,11,838,2021-12-17T09:45:44.795Z,0.81,0.32,0.88,0.86
147.141.86.246,37,18,839,2021-12-16T09:45:44.795Z,0.16,0.61,0.44,0.13
232.194.60.154,51,63,840,2021-12-15T09:45:44.795Z,1.00,0.22,0.32,0.33
232.194.60.154,8,74,841,2021-12-14T09:45:44.795Z,0.74,0.03,0.88,0.37
109.129.73.59,8,94,842,2021-12-13T09:45:44.795Z,0.54,0.79,0.53,0.84
142.91.83.61,92,34,843,2021-12-12T09:45:44.795Z,0.31,0.84,0.69,0.58
20.60.218.69,91,17,844,2021-12-11T09:45:44.795Z,0.39,0.64,0.51,0.62
20.188.119.58,48,45,845,2021-12-10T09:45:44.795Z,0.54,0.04,0.22,0.63
15.228.28.214,84,60,846,2021-12-09T09:45:44.795Z,0.84,0.98,0.56,0.78
170.133.84.102,77,93,847,2021-12-08T09:45:44.795Z,0.33,0.36,0.02,0.08
248.113.69.76,14,40,848,2021-12-07T09:45:44.795Z,0.27,0.61,0.56,0.30
179.75.85.18,94,72,849,2021-12-06T09:45:44.795Z,0.79,0.45,0.32,0.05
63.41.211.179,76,24,850,2021-12-05T09:45:44.795Z,0.74,0.48,0.29,0.42
46.143.177.229,7,78,851,2021-12-04T09:45:44.795Z,0.51,0.83,0.86,0.69
3.49.223.141,64,91,852,2021-12-03T09:45:44.795Z,0.71,0.98,0.37,0.12
138.124.233.7,62,30,853,2021-12-02T09:45:44.795Z,0.19,0.90,0.21,0.81
46.143.177.229,82,44,854,2021-12-01T09:45:44.795Z,0.91,0.10,0.12,0.55
113.29.33.83,83,90,855,2021-11-30T09:45:44.795Z,0.77,0.99,0.81,0.19
167.94.235.99,39,30,856,2021-11-29T09:45:44.795Z,0.48,0.06,0.35,0.35
164.218.147.198,76,29,857,2021-11-28T09:45:44.795Z,0.84,0.91,0.76,0.94
86.232.7.132,11,4,858,2021-11-27T09:45:44.795Z,0.97,0.37,0.15,0.73
6.140.27.40,32,69,859,2021-11-26T09:45:44.795Z,0.18,0.61,0.79,0.84
238.22.198.167,14,66,860,2021-11-25T09:45:44.795Z,0.73,0.62,0.34,0.39
129.247.21.135,25,71,861,2021-11-24T09:45:44.795Z,0.98,0.24,0.61,0.30
2.197.232.44,97,85,862,2021-11-23T09:45:44.795Z,0.32,0.21,0.04,0.48
170.133.84.102,56,95,863,2021-11-22T09:45:44.795Z,0.35,0.80,0.30,0.47
173.152.24.118,18,94,864,2021-11-21T09:45:44.795Z,0.25,0.63,0.21,0.10
15.110.53.91,83,33,865,2021-11-20T09:45:44.795Z,0.69,0.92,0.10,0.73
30.144.190.11,65,41,866,2021-11-19T09:45:44.795Z,0.78,0.89,0.13,0.65
184.0.155.18,37,0,867,2021-11-18T09:45:44.795Z,0.79,0.44,0.99,0.31
92.174.228.133,70,2,868,2021-11-17T09:45:44.795Z,0.24,0.57,0.63,0.17
15.192.123.244,2,81,869,2021-11-16T09:45:44.795Z,0.47,0.21,0.69,0.71
147.141.86.246,27,77,870,2021-11-15T09:45:44.795Z,0.31,0.30,0.11,0.74
170.133.84.102,60,80,871,2021-11-14T09:45:44.795Z,0.12,1.00,0.48,0.82
6.227.55.193,61,73,872,2021-11-13T09:45:44.795Z,0.93,0.78,0.44,0.75
92.174.228.133,85,40,873,2021-11-12T09:45:44.795Z,0.28,0.64,0.01,0.57
141.149.26.183,72,73,874,2021-11-11T09:45:44.795Z,0.15,0.99,0.70,0.57
239.19.32.122,79,54,875,2021-11-10T09:45:44.795Z,0.43,0.78,0.15,0.70
146.143.200.41,0,82,876,2021-11-09T09:45:44.795Z,0.74,0.31,0.43,0.03
20.60.218.69,96,54,877,2021-11-08T09:45:44.795Z,0.46,0.95,0.59,0.37
62.221.0.43,12,48,878,2021-11-07T09:45:44.795Z,0.66,0.67,0.53,0.91
15.192.123.244,87,93,879,2021-11-06T09:45:44.795Z,0.47,0.15,0.87,0.45
30.144.190.11,52,3,880,2021-11-05T09:45:44.795Z,0.69,0.06,0.73,0.78
167.8.102.41,70,30,881,2021-11-04T09:45:44.795Z,0.80,0.71,0.01,0.11
128.69.51.116,41,12,882,2021-11-03T09:45:44.795Z,0.62,0.30,0.43,0.22
164.218.147.198,37,42,883,2021-11-02T09:45:44.795Z,0.98,0.27,0.40,0.65
173.152.24.118,97,68,884,2021-11-01T09:45:44.795Z,0.73,0.90,0.45,0.77
79.222.124.27,11,48,885,2021-10-31T09:45:44.795Z,0.02,0.90,0.73,0.79
54.16.254.46,1,87,886,2021-10-30T09:45:44.795Z,0.08,0.34,0.23,0.68
249.113.7.153,76,73,887,2021-10-29T09:45:44.795Z,0.49,0.92,0.13,0.73
129.247.21.135,93,39,888,2021-10-28T09:45:44.795Z,0.79,0.32,0.01,0.07
54.16.254.46,6,28,889,2021-10-27T09:45:44.795Z,0.72,0.17,0.06,0.90
179.75.85.18,45,43,890,2021-10-26T09:45:44.795Z,0.71,0.86,0.14,0.50
38.62.124.65,40,98,891,2021-10-25T09:45:44.795Z,0.65,0.96,0.23,0.34
19.188.91.108,36,15,892,2021-10-24T09:45:44.795Z,0.72,0.98,0.22,0.52
197.242.108.229,88,10,893,2021-10-23T09:45:44.795Z,0.77,0.21,0.69,0.68
165.120.181.100,95,53,894,2021-10-22T09:45:44.795Z,0.29,0.98,0.47,0.52
13.248.94.78,64,23,895,2021-10-21T09:45:44.795Z,0.57,0.42,0.75,0.98
86.160.54.227,61,56,896,2021-10-20T09:45:44.795Z,0.29,0.74,0.62,0.47
197.242.108.229,33,70,897,2021-10-19T09:45:44.795Z,0.63,0.05,0.74,0.39
141.149.26.183,37,14,898,2021-10-18T09:45:44.795Z,0.90,0.95,0.25,0.44
20.188.119.58,17,62,899,2021-10-17T09:45:44.795Z,0.74,0.14,0.70,0.95
139.61.218.43,32,49,900,2021-10-16T09:45:44.795Z,0.04,0.41,0.07,0.60
251.56.78.195,43,51,901,2021-10-15T09:45:44.795Z,0.77,0.90,0.41,0.97
15.228.28.214,29,60,902,2021-10-14T09:45:44.795Z,0.95,0.95,0.69,0.33
20.60.218.69,86,9,903,2021-10-13T09:45:44.795Z,0.95,0.17,0.52,0.77
129.247.21.135,10,23,904,2021-10-12T09:45:44.795Z,0.22,0.27,0.78,0.96
179.75.85.18,9,67,905,2021-10-11T09:45:44.795Z,0.95,0.11,0.39,0.94
149.148.199.138,9,81,906,2021-10-10T09:45:44.795Z,0.72,0.74,0.12,0.89
108.29.11.54,12,56,907,2021-10-09T09:45:44.795Z,0.86,0.65,0.78,0.04
32.94.39.151,54,30,908,2021-10-08T09:45:44.795Z,0.72,0.30,0.32,0.72
232.194.60.154,76,78,909,2021-10-07T09:45:44.795Z,0.45,0.42,0.11,0.04
152.105.153.190,36,4,910,2021-10-06T09:45:44.795Z,0.16,0.67,0.63,0.50
15.192.123.244,88,47,911,2021-10-05T09:45:44.795Z,0.96,0.75,0.39,0.28
247.59.218.3,51,11,912,2021-10-04T09:45:44.795Z,0.60,0.50,0.37,0.96
183.215.195.124,49,49,913,2021-10-03T09:45:44.795Z,0.33,0.97,0.08,0.45
62.221.0.43,12,46,914,2021-10-02T09:45:44.795Z,0.95,0.96,0.17,1.00
104.168.160.188,10,75,915,2021-10-01T09:45:44.795Z,0.86,0.16,0.94,0.54
128.69.51.116,80,89,916,2021-09-30T09:45:44.795Z,0.80,0.77,0.47,0.80
45.190.85.150,93,69,917,2021-09-29T09:45:44.795Z,0.32,0.75,0.10,0.00
30.144.190.11,86,64,918,2021-09-28T09:45:44.795Z,0.98,0.95,0.66,0.69
239.19.32.122,68,65,919,2021-09-27T09:45:44.795Z,0.73,0.55,0.82,0.19
164.218.147.198,19,97,920,2021-09-26T09:45:44.795Z,0.76,0.42,0.96,0.17
91.210.129.73,79,75,921,2021-09-25T09:45:44.795Z,0.26,0.93,0.30,0.04
2.197.232.44,50,61,922,2021-09-24T09:45:44.795Z,0.87,0.03,0.27,0.44
54.16.254.46,3,41,923,2021-09-23T09:45:44.795Z,0.65,0.59,0.49,0.86
129.247.21.135,57,77,924,2021-09-22T09:45:44.795Z,0.31,0.46,0.69,0.96
211.28.18.54,52,89,925,2021-09-21T09:45:44.795Z,0.51,0.65,0.51,0.11
42.153.83.69,97,15,926,2021-09-20T09:45:44.795Z,0.33,0.08,0.51,0.44
6.227.55.193,99,33,927,2021-09-19T09:45:44.795Z,0.01,0.21,0.69,0.27
234.228.32.255,0,72,928,2021-09-18T09:45:44.795Z,0.50,0.14,0.28,0.08
62.221.0.43,30,28,929,2021-09-17T09:45:44.795Z,0.32,0.57,0.92,0.20
53.67.115.251,44,71,930,2021-09-16T09:45:44.795Z,0.97,0.31,0.47,0.27
128.69.51.116,65,68,931,2021-09-15T09:45:44.795Z,0.37,0.39,0.91,0.83
129.247.21.135,6,23,932,2021-09-14T09:45:44.795Z,0.45,0.45,0.68,0.17
179.75.85.18,95,63,933,2021-09-13T09:45:44.795Z,0.19,0.90,0.18,0.20
227.70.186.165,76,28,934,2021-09-12T09:45:44.795Z,0.69,0.08,0.92,0.06
15.110.53.91,46,64,935,2021-09-11T09:45:44.795Z,0.36,0.49,0.62,0.66
6.140.27.40,48,0,936,2021-09-10T09:45:44.795Z,0.80,0.58,0.80,0.94
225.153.15.120,12,23,937,2021-09-09T09:45:44.795Z,0.78,0.76,0.33,0.40
146.143.200.41,90,1,938,2021-09-08T09:45:44.795Z,0.88,0.85,0.38,0.81
3.49.223.141,76,49,939,2021-09-07T09:45:44.795Z,0.80,0.21,0.68,0.20
215.127.155.123,84,41,940,2021-09-06T09:45:44.795Z,0.26,0.41,0.40,0.08
54.16.254.46,33,80,941,2021-09-05T09:45:44.795Z,0.58,0.43,0.29,1.00
142.91.83.61,71,10,942,2021-09-04T09:45:44.795Z,0.91,0.43,0.14,0.81
128.69.51.116,38,95,943,2021-09-03T09:45:44.795Z,0.85,0.39,0.87,0.95
223.206.84.5,27,17,944,2021-09-02T09:45:44.795Z,0.95,0.87,0.30,0.64
173.152.24.118,86,66,945,2021-09-01T09:45:44.795Z,0.31,0.90,0.29,0.01
86.232.7.132,62,93,946,2021-08-31T09:45:44.795Z,0.43,0.99,0.60,0.21
64.93.160.244,41,73,947,2021-08-30T09:45:44.795Z,0.69,0.17,0.63,0.47
64.93.160.244,58,18,948,2021-08-29T09:45:44.795Z,0.66,0.73,0.18,0.41
238.22.198.167,22,52,949,2021-08-28T09:45:44.795Z,0.20,0.84,0.37,0.72
64.93.160.244,67,69,950,2021-08-27T09:45:44.795Z,0.81,0.27,0.99,0.16
54.16.254.46,54,40,951,2021-08-26T09:45:44.795Z,0.67,0.04,0.22,0.37
19.188.91.108,32,3,952,2021-08-25T09:45:44.795Z,0.78,0.77,0.40,0.37
104.168.160.188,11,94,953,2021-08-24T09:45:44.795Z,0.37,0.15,0.17,0.63
92.174.228.133,68,52,954,2021-08-23T09:45:44.795Z,0.79,0.72,0.70,0.29
13.248.94.78,96,38,955,2021-08-22T09:45:44.795Z,0.86,0.71,0.84,0.38
14.207.162.79,5,92,956,2021-08-21T09:45:44.795Z,0.96,0.37,0.53,0.95
131.49.134.99,65,86,957,2021-08-20T09:45:44.795Z,0.07,0.10,0.79,0.61
152.105.153.190,95,97,958,2021-08-19T09:45:44.795Z,0.40,0.95,0.91,0.10
131.49.134.99,99,28,959,2021-08-18T09:45:44.795Z,0.89,0.37,0.28,0.86
62.221.0.43,51,65,960,2021-08-17T09:45:44.795Z,0.74,0.31,0.61,0.54
173.152.24.118,20,54,961,2021-08-16T09:45:44.795Z,0.20,0.35,0.78,0.64
46.143.177.229,83,9,962,2021-08-15T09:45:44.795Z,0.68,0.31,0.33,0.37
223.206.84.5,5,39,963,2021-08-14T09:45:44.795Z,0.84,0.32,0.62,0.19
15.192.123.244,96,64,964,2021-08-13T09:45:44.795Z,0.93,0.92,0.26,0.68
46.192.108.207,94,78,965,2021-08-12T09:45:44.795Z,0.34,0.25,0.04,0.81
229.146.54.0,99,46,966,2021-08-11T09:45:44.795Z,0.67,0.42,0.53,0.58
128.168.216.93,77,45,967,2021-08-10T09:45:44.795Z,0.97,0.57,0.96,0.09
113.29.33.83,78,5,968,2021-08-09T09:45:44.795Z,0.63,0.12,0.14,0.72
143.62.57.8,86,73,969,2021-08-08T09:45:44.795Z,0.61,0.95,0.43,0.78
167.94.235.99,76,71,970,2021-08-07T09:45:44.795Z,0.32,0.73,0.59,0.92
184.0.155.18,53,16,971,2021-08-06T09:45:44.795Z,0.31,0.46,0.00,0.26
62.221.0.43,73,34,972,2021-08-05T09:45:44.795Z,0.35,0.73,0.21,0.14
42.153.83.69,80,18,973,2021-08-04T09:45:44.795Z,0.62,0.67,0.16,0.30
142.91.83.61,92,49,974,2021-08-03T09:45:44.795Z,0.71,0.26,0.27,0.02
223.206.84.5,24,9,975,2021-08-02T09:45:44.795Z,0.05,0.20,0.40,0.20
92.99.235.226,20,74,976,2021-08-01T09:45:44.795Z,0.50,0.65,0.03,0.31
174.162.140.39,5,91,977,2021-07-31T09:45:44.795Z,0.76,0.31,0.57,0.93
139.61.218.43,77,10,978,2021-07-30T09:45:44.795Z,0.46,0.70,0.31,0.89
164.218.147.198,85,21,979,2021-07-29T09:45:44.795Z,0.94,0.75,0.15,0.63
64.93.160.244,47,40,980,2021-07-28T09:45:44.795Z,0.85,0.47,0.06,0.13
170.133.84.102,69,68,981,2021-07-27T09:45:44.795Z,0.19,0.67,0.66,0.96
104.168.160.188,84,37,982,2021-07-26T09:45:44.795Z,0.69,0.89,0.42,0.22
234.100.119.235,1,61,983,2021-07-25T09:45:44.795Z,0.97,0.90,0.86,0.11
14.207.162.79,39,93,984,2021-07-24T09:45:44.795Z,0.79,0.11,1.00,0.85
46.143.177.229,22,0,985,2021-07-23T09:45:44.795Z,0.49,0.23,0.87,0.31
50.134.108.148,41,16,986,2021-07-22T09:45:44.795Z,0.56,0.25,0.40,0.64
79.222.124.27,31,64,987,2021-07-21T09:45:44.795Z,0.43,0.52,0.79,0.21
38.78.188.207,13,44,988,2021-07-20T09:45:44.795Z,0.58,0.99,0.73,0.36
37.106.25.145,18,61,989,2021-07-19T09:45:44.795Z,0.28,0.69,0.57,0.31
247.59.218.3,10,89,990,2021-07-18T09:45:44.795Z,0.90,0.88,0.34,0.89
6.227.55.193,66,69,991,2021-07-17T09:45:44.795Z,0.08,0.47,0.51,0.70
253.134.241.198,97,36,992,2021-07-16T09:45:44.795Z,0.49,0.74,0.60,0.76
14.207.162.79,66,65,993,2021-07-15T09:45:44.795Z,0.71,0.35,1.00,0.59
238.234.36.127,15,57,994,2021-07-14T09:45:44.795Z,0.19,0.17,0.23,0.64
239.19.32.122,17,78,995,2021-07-13T09:45:44.795Z,0.73,0.06,0.34,0.53
13.248.94.78,43,32,996,2021-07-12T09:45:44.795Z,0.28,0.40,0.86,0.10
152.105.153.190,73,17,997,2021-07-11T09:45:44.795Z,0.61,0.73,0.05,0.52
248.113.69.76,70,40,998,2021-07-10T09:45:44.795Z,0.35,0.00,0.16,0.34
42.153.83.69,87,7,999,2021-07-09T09:45:44.795Z,0.74,0.70,0.72,0.17
227.1.158.125,17,22,1000,2021-07-08T09:45:44.795Z,0.44,0.40,0.65,0.61
